Title,Contents,link
"""업종 생긴 이후 최악""..코로나 직격탄 맞은 PC방 줄폐업","(수원=연합뉴스) 권준우 기자 = ""불 꺼진 가게에서 검은 모니터 화면 수십 개를 멍하니 보고 있으면 저도 모르게 눈물이 나요. 힘들어할 아내와 자식들 생각하면…""  경기 수원시 영통구에서 8년째 PC방을 운영 중인 A(45) 씨는 폐업을 준비 중이다. 최근 점포거래 전문 인터넷 사이트에 매장을 통째로 내놓는다는 게시물을 올렸다. 신종 코로나바이러스 감염증(코로나19) 여파로 올해 초부터 손님이 예년의 절반 이하로 줄어들다가 전염병 고위험시설 지정으로 지난달 19일부터는 아예 영업이 중단돼 더는 적자를 감당할 수 없기 때문이다. 그는 연합뉴스와의 통화에서 ""영업을 하지 않아도 관리비는 꾸준히 나가는데 전염병 확산이 언제까지 이어질지도 몰라 결국 폐업을 결심했다""며 ""그간 여러 경제적 위기도 어떻게 잘 넘겼는데 요즘 상황은 PC방이 생긴 이후 최악의 고비 같다""고 말했다. 인근 팔달구에서 PC방을 운영하는 B(38) 씨는 영업 중단이 길어지자 최근 배달주문 업체와 계약을 맺고 PC방에서 팔던 음식을 배달로 판매하고 있다. 메뉴가 꼬치 종류 몇 가지와 냉동식품 분식류에 그쳐 주문량은 많지 않지만, 이마저도 하지 않으면 유통기한 때문에 창고에 쌓인 재고 식품들을 모두 버릴 판이라 불가피하게 '전업'을 한 것이다. 그는 ""영업중단 명령 수 시간 전에 구청에서 통보를 받아 재고 정리를 할 시간도 없었다""며 ""가만히 앉아 상황이 지나가기만을 기다릴 순 없어 울며 겨자 먹기로 배달을 시작했다""고 말했다. 코로나19 확산세가 전국으로 퍼지면서 PC방 업계의 생존이 흔들리고 있다. 창업 지원기업 세컨드찬스가 지난달 전국 300여개 PC방을 대상으로 조사한 결과 PC방의 월평균 관리비는 임대료 433만원, 인터넷 회선 요금 79만원, 전기료 및 공과금 121만원 등으로 모두 633만원에 달했다. 영업하지 않고 업장만 유지할 경우 매달 600만원의 적자를 보는 셈이다. 상황이 이렇다 보니 온라인 점포거래 사이트에서는 PC방을 팔겠다는 매도 주문이 수요를 넘어선 지 오래다.  점포거래 업체 관계자는 ""컴퓨터와 좌석, 집기까지 한 번에 통으로 넘긴다는 게시물도 있고 빠른 정리를 위해 컴퓨터 부품이나 냉장고, 에어컨 등 품목을 쪼개서 팔기도 한다""며 ""팔겠다는 사람은 넘쳐나는데 가격을 많이 낮춰도 사겠다는 사람이 쉽사리 나타나지 않는 상황""이라고 전했다.  PC방 협회는 사회적 거리두기 확대로 영업 중단 조치가 필요한 시점이라는 취지엔 공감하나, PC방 자체를 고위험시설로 지정해 코로나19 확진 가능성이 큰 곳으로 취급하는 것은 지나치다고 주장한다. 업주들은 거리두기 지침에 따라 현장 집회가 아닌 온라인 1인 시위를 이어가며 PC방의 고위험시설 지정을 재고해달라고 방역당국에 촉구하고 있다. 한국인터넷PC문화협회 관계자는 ""PC방은 다른 업종에 비해 대화 및 대면 접촉이 적고, 좌석 간 거리를 두거나 이용이 끝난 좌석을 소독하는 등 방역이 쉬운 편""이라며 ""그간 방역 대책을 잘 준수해 PC방에서 집단 감염이 발생한 적도 없는데 고위험시설로 지정하는 건 불합리하다""고 말했다. stop@yna.co.kr",https://v.daum.net/v/20200902160701894
"故김성재 전 여자친구, 약물분석가 상대 10억 소송 패소"," [서울=뉴시스] 고가혜 기자 = 1995년 사망한 가수 '듀스'의 멤버 고(故) 김성재를 살해한 혐의로 재판에 넘겨졌다가 대법원에서 무죄가 확정된 전 여자친구 김모씨가 당시 약물 분석 전문가를 상대로 손해배상 소송을 제기했으나 패소했다. 서울중앙지법 민사합의14부(부장판사 김병철)는 2일 김씨가 당시 약물분석가 A씨를 상대로 제기한 10억원 상당의 손해배상 청구 소송에서 원고 패소 판결을 내렸다.  재판부는 ""원고가 허위라고 주장하는 사실들에 대해서 검토했지만 이를 인정할 수 없다""며 ""원고의 청구를 기각하고 소송비용은 원고가 부담한다""고 판단했다.  김성재는 1995년 11월20일 스위스그랜드 호텔 별관 객실에서 숨진 채 발견됐다. 오른팔에는 28개의 주삿바늘 자국이 있었고, 시신에서는 동물 마취제인 졸레틸이 검출됐다.  당시 유력한 용의자로 지목된 김씨는 1심에서 무기징역을 선고받았지만, 항소심에서 무죄로 뒤집혔고 대법원에서 확정됐다. 김씨는 살해 혐의에 대해 대법원에서 무죄가 확정됐음에도 A씨가 강연과 언론매체 인터뷰 등을 통해 자신을 김성재 살해 용의자인 것처럼 말해 명예를 훼손당했다며 지난해 10월 소송을 제기했다. A씨가 25년 전에 졸레틸이 마약인 것으로 의견을 냈으면서 향후 독극물이란 것을 밝혔다고 인터뷰를 했고, 이로 인해 마치 김씨가 타살의 범인인 것처럼 보이게 했다는 것이 김씨 측의 주장이다. ☞공감언론 뉴시스 gahye_k@newsis.com ",https://v.daum.net/v/20200902141514639
"""'호텔 르완다' 주인공 두바이서 납치돼 르완다로 이송""","(서울=연합뉴스) 안용수 기자 = 아프리카 르완다 대학살을 다룬 영화 '호텔 르완다'의 실제 주인공이 두바이에서 납치돼 르완다로 이송됐다는 주장이 제기됐다.  앞서 르완다 정부는 폴 루세사바기나를 '테러, 방화, 납치, 살인' 등의 혐의로 체포 영장을 발부해 국제 공조하에 적법하게 신병을 확보한 것으로 밝혔으나 구체적인 장소와 방법은 공개하지 않았다. 루세사바기나의 수양딸인 캐린 카님바는 1일(현지시간) AP통신과 인터뷰에서 ""아버지가 두바이로 가기 전 지난주 마지막으로 대화를 나눴다""면서 ""두바이 여행 목적이 무엇인지는 나도 몰랐다""고 말했다.  카님바는 ""지금까지 가족과 연락이 닿지 않는데 66세인 아버지가 고혈압약을 복용하지 못해 걱정된다""면서 ""르완다 당국의 주장은 모두 거짓으로 꾸며낸 것이며, 불법으로 체포했다""고 밝혔다. 카님바는 루세사바기나가 납치됐다고 주장했으나, 근거를 제시하지는 못했다고 AP통신이 전했다.  루세사바기나는 벨기에 시민권자로 미국의 영주권도 획득했으며, 그동안 르완다의 폴 카가메 행정부를 독재정권으로 비판해 표적이 돼왔다.  그는 지난 2005년 조지 W. 부시 당시 미국 대통령으로부터 민간인에게 수여하는 최고 훈장인 '자유의 메달'과, 2011년 미 의회의 '랜토스 인권상'을 각각 받는 등 국제 사회로부터 인권 신장의 공로를 인정받기도 했다.   랜토스 재단의 카트리나 랜토스 스웨트 회장은 ""루세사바기나와 같은 인물을 체포·구금한 것은 인권 문제를 무시한 것""이라고 비판했다.  르완다 정부를 피해 망명한 정치 단체들의 연합체인 '민주화를 위한 르완다 운동'(MRCD)을 창설 및 후원한 혐의를 받는 루세사바기나의 법정 출두 시기는 불투명하다고 AP통신은 보도했다.  두바이 수사 당국과 인터폴은 루세사바기나의 체포에 대한 입장 표명을 거부했다.  한편 루세사바기나는 2004년작 영화 '호텔 르완다' 주인공의 실제 인물로서 지난 1994년 소수민족인 투치족 1천명 이상을 자신이 근무하던 수도 키갈리에 있는 밀 콜린스 호텔에 보호해 대학살로부터 구한 것으로 알려졌다.  aayyss@yna.co.kr",https://v.daum.net/v/20200902155920515
"""무리한 성관계 요구""..60대 남성 살해한 30대 여성 구속송치"," (서울=연합뉴스) 김정진 기자 = 공원에서 만난 남성을 집까지 따라가 목을 졸라 살해하고 금품을 훔쳐 도망친 30대 여성이 구속 송치됐다. 서울 마포경찰서는 살해 및 절도 혐의로 구속된 A씨를 전날 검찰에 기소 의견으로 송치했다고 2일 밝혔다. A씨는 지난달 4일 망원한강공원에서 60대 남성을 처음 만나 서울 마포구에 위치한 거주지에 따라간 뒤 목 졸라 살해하고 금목걸이 등을 훔친 혐의를 받는다. A씨는 범행 직후 현장에서 도망쳤고, 6일 후인 지난달 10일 피해자의 집주인이 ""세입자가 연락도 되지 않고 집에서 이상한 냄새가 난다""며 경찰에 신고했다. 범행 현장 인근 폐쇄회로(CC)TV 등을 토대로 A씨를 용의자로 특정한 경찰은 사건 발생 3주만인 지난달 25일 강원도 모처에서 A씨를 체포했다. 조사 과정에서 A씨는 ""피해자가 무리하게 성관계를 요구하고 욕설을 하는 등 자존심을 상하게 해 범행을 저질렀다""며 혐의를 모두 인정한 것으로 전해졌다. 경찰 관계자는 ""도주의 우려가 있다고 판단해 지난달 27일 A씨에 대한 구속영장을 신청해 구속했다""며 ""수사 결과에 따라 지난 1일 검찰에 기소 의견으로 A씨를 송치했다""고 밝혔다. stopn@yna.co.kr",https://v.daum.net/v/20200902153902587
"'라스' 이혜성, ♥전현무 애정행각 공개..강남 ""진짜 좋아하나봐"" [포인트:컷]","  [엑스포츠뉴스 김예은 기자] 이혜성 전 아나운서가 ‘라디오스타’에 출연해 연인 전현무의 귀여운 ‘연애 첩보 작전’을 털어놓으며 발그레 웃는 모습이 포착됐다. 2일 오후 10시 50분 방송 예정인 고품격 토크쇼 MBC ‘라디오스타’는 최여진, 손연재, 이혜성, 유상무와 함께하는 ‘다시 여기 화제가’ 특집으로 꾸며진다. 이혜성 전 아나운서는 KBS 선배이자, 프리 선언 후 예능을 접수한 ‘아나테이너’ 전현무와 공개 열애 중이다. 이혜성 전 아나운서는 전현무와의 열애설이 보도 후 MC로 활약하던 연예 정보 프로그램에서 직접 열애 소감을 밝혔던 터. 이와 관련해 그는 “난감했다”고 당시 심정을 고백하며 자존심에 스크레치를 낸 악플을 공개한다고 해 호기심을 유발한다. 전현무의 못 말리는 ‘연애 첩보 작전’도 공개한다. 이혜성 전 아나운서는 전현무가 공개 열애 전 데이트를 위해 특별히 준비한 것을 밝혀 MC들을 깜짝 놀라게 만들었다고 전해진다. 또 전현무의 ‘하트 뿅뿅’ 애정행각을 말리는 이유를 털어놔 시선을 강탈할 예정이다.  이혜성 전 아나운서의 수줍은 열애 고백을 듣던 스페셜 MC 강남은 “전현무 형이 진짜 좋아하나보다~”라고 감탄했다고 해 선후배에서 연인이 된 두 사람의 알콩달콩 이야기를 궁금하게 한다. 이 외에도 이혜성 전 아나운서는 ‘공감대 0%’(?) 서울대 콤플렉스 일화로 ‘리얼 엄친딸’ 면모를 공개한다고 해 호기심을 유발한다. 또 다른 출연자 최여진은 스페셜 MC 강남과 그의 아내 이상화와의 친분을 자랑하며, 두 사람 모두와 친한 탓에 축의금을 두고 고민했다고 고백할 예정이어서 기대감을 키운다. 이어 최여진은 주변에서 비혼주의로 알고 있지만, ""비혼주의는 아니다""라고 선을 그은 뒤 최근 살림남들로부터 뜨거운 러브콜을 받고 있다고 공개할 예정이어서 호기심을 자극한다. 이혜성 전 아나운서의 알콩달콩 러브스토리와 최여진의 살림남 러브콜 사연은 2일 오후 10시 50분에 방송되는 ‘라디오스타’를 통해 확인할 수 있다. dpdms1291@xportsnews.com / 사진 = MBC '라디오스타'",https://v.daum.net/v/20200902081646011
"""이거 광고예요"" 예능 관통한 대놓고 PPL [이슈와치]","   [뉴스엔 서지현 기자] 예능을 관통한 이른바 '대놓고 PPL'전략이 각광받고 있다.  은근슬쩍 제품을 홍보하던 시기는 지났다. 이젠 대놓고 '이거 광고예요'라고 말해주는 시대가 온 것.  9월 1일 방송된 SBS 예능 프로그램 '불타는 청춘'에선 제작비를 위해 PPL 고군분투에 나선 브루노 모습이 그려졌다.  이날 브루노는 멤버들을 위해 과일빙수, 우유 칵테일, 치즈 카나페 등을 준비했다. 이에 멤버들은 삼삼오오 모여 브루노의 요리 솜씨에 감탄하며 디저트 한상차림을 즐겼다.  그러나 최성국을 통해 브루노의 모든 행동이 의도된 호의였음이 드러나 웃음을 안겼다. 최성국은 ""어제 브루노가 우유빙수 해주고 우유 칵테일 해주지 않았냐. 잘 때 내가 '브루노야 오늘 하루 종일 맛있었다'했더니 '형님 PPL이 너무 많아요'라고 하더라""고 폭로했다.  알고 보니 브루노가 멤버들을 위해 만들어준 디저트 재료들은 모두 PPL 제품이었던 것. 이에 대해 제작진은 ""PPL로 돈을 벌어 여러분 비행기 표를 구입한 것""이라고 밝혀 멤버들의 웃음을 자아냈다.  브루노가 고백한 뜻밖의 PPL 사태로 일부 시청자들은 포털 사이트를 통해 'PPL 뜻'을 검색하는 사태를 겪었다. PPL이란, 특정 기업의 협찬이나 대가로 영화나 드라마에서 해당 기업의 상품이나 브랜드 이미지를 소도구로 끼워 넣는 광고 기법을 말한다.  앞서 다수의 방송 프로그램은 PPL을 이용해왔다. 그러나 '대놓고 광고' 보다는 출연진들이 자연스럽게 제품을 사용하거나 지속적으로 화면에 노출시키는 등 은근한 광고 전략을 세워왔다. 이에 더해 '대놓고 광고'를 할 경우, 프로그램 흐름을 해치거나 집중에 방해가 된다는 비난을 받기도 했다. 그러나 트렌드가 달라졌다. 최근 유튜브에서 활동하는 인물들이 뒷광고 논란을 일으키자 이젠 먼저 광고임을 밝히는 PPL 전략에 나선 것. 일례로 SBS 예능 프로그램 '런닝맨'은 솔직하고 담백한 PPL을 선보이며 화제를 모았다. 멤버들은 대놓고 광고 제품을 손에 든 채 ""가족끼리 사용하기 정말 좋겠는걸?"" ""크기도 작고 휴대하기 좋겠다"" 등 제품에 대해 호의적인 반응을 보이며 지속적으로 노출을 시도했다. 또한 해당 제품에 대해서는 'PPL 중'이라는 자막을 사용하며 엄연한 광고임을 명시했다.  또한 대놓고 PPL을 위한 방송도 탄생했다. SBS 예능 프로그램 '텔레비전에 그게 나왔으면'에서는 각 멤버들이 자신이 담당한 PPL 제품을 지속적으로 노출시키고 사용법과 효과를 입증하는 방식으로 배틀을 벌인다. 시청자들은 이를 당연하게 받아들이고 하나의 웃음 소재로 소비한다.  이 같은 트렌드를 만든 데는 '착한 PPL'이 가장 큰 몫을 했다. 앞서 PPL들이 주로 대기업 제품들을 홍보하는데 나섰다면 최근 PPL들은 중소기업과 지역 특산물, 로컬푸드를 이용하기 때문이다. '불타는 청춘' PPL 역시 우유와 감귤 등을 대상으로 한 농수산물 PPL로 현재 코로나19 직격타로 인해 피해를 입은 농가들에게 보탬이 될 수 있는 부분이다. SBS 예능 프로그램 '맛남의 광장' 역시 지역의 특산품을 소개하거나 상품성이 떨어지는 농수산물을 완판 시키는 등 착한 영향력을 행사했다. 그동안 PPL이 단순히 기업들 배불리기 용으로 인식되어 왔다면 이젠 그 영향력이 넓어졌다. 소상공인의 판로 확대를 위해 '대놓고 하는' 착한 PPL이 강타한 시점이다. (사진=SBS '불타는 청춘', 유튜브 채널 '런닝맨 스브스 공식 채널'] 뉴스엔 서지현 sjay0928@ 기사제보 및 보도자료 newsen@newsen.com copyrightⓒ 뉴스엔. 무단전재 & 재배포 금지 ",https://v.daum.net/v/20200902143311481
제주 초속 28.9m 강풍..가로수·신호등 등 쓰러져," [제주=뉴시스] 강경태 기자 = 태풍 ‘마이삭(MAYSAK)’의 강풍이 몰아치면서 제주에 피해가 속출하고 있다. 2일 제주지방기상청에 따르면 제9호 태풍 ‘마이삭’은 이날 낮 12시 기준 서귀포 남쪽 약 240㎞ 해상에서 시속 23㎞의 속도로 북진하고 있다. 이 태풍은 중심기압 945헥토파스칼(h㎩), 최대풍속 초속 45m로 매우 강한 상태를 유지하고 있다. 이날 오후 3시1분 제주시(건입동)에 최대순간 풍속이 초속 28.9m로 측정되는 등 제주 곳곳에서 초속 20m 이상의 매우 강한 바람이 불고 있다. 태풍이 점차 제주에 가까이 다가오면서 도내에서 강풍에 의한 피해가 속출하고 있다. 이날 오후 제주시 한림읍 한림농협주유소 앞 도로에서 달리던 승용차가 차량 추돌 사고와 강풍으로 전도됐다. 강풍에 전선이 끊어져 제주시 연동 898가구와 서귀포시 호근동에서 164가구가 정전 피해를 입어 한국전력공사 제주지사가 긴급 복구했다.  제주시 노형동과 서귀포시 서귀동에서 간판이 파손됐고, 서귀포시 서호동에서 나무가 쓰러져 도로를 지나던 차량을 덮치는 사고가 발생하기도 했다. 이날 오후 2시 기준 제주도 재난안전대책본부에 시설 피해 12건이 접수됐다. 간판과 지붕, 창문 파손이 6건 발생했고, 가로수와 가로등, 현수막 게시대, 보행자 신호등 등이 강풍에 쓰러지거나 흔들려 소방대원들이 안전 조치했다. 도 소방안전본부는 인력 107명과 장비 34대를 동원해 재난 예방활동을 실시하고 있다. 태풍 마이삭은 이날 오후 6시 서귀포 동남동쪽 약 130㎞까지 진출해 제주에 최근접할 것으로 보이며, 3일 오전 12시께 부산 남서쪽 약 80㎞ 해상까지 진출할 것으로 예상된다. ☞공감언론 뉴시스 ktk2807@newsis.com ",https://v.daum.net/v/20200902152048754
"독도 유일 주민 딸 ""어머니와 살게 해달라"" 소송 제기"," (울릉=연합뉴스) 손대성 기자 = 독도 주민 자녀가 독도로 주소를 이전하는 문제를 놓고 경북 울릉군과 공방을 벌이고 있다. 2일 울릉군 등에 따르면 독도에는 2018년 김성도씨가 숨진 이후 아내인 김신열(82)씨가 유일한 주민으로 살고 있다. 김씨는 고령에다 지병이 있어 울릉도에 사는 둘째 딸 김진희씨와 사위 김경철씨가 가끔 독도에 들러 돌보고 있다. 딸 부부는 김씨가 계속 홀로 살기 어렵다고 보고 지난 7월 중순 독도 주민숙소로 주소를 옮기겠다며 울릉읍사무소에 전입신고를 했다. 그러나 울릉읍사무소는 이 부부가 주민숙소 상시거주 승인을 받지 않았다며 전입신고를 반려했다. 울릉군 독도관리사무소는 현재 유일한 독도 주민인 김씨가 상시거주 의사를 철회하거나 사망하면 새로운 상시거주민을 뽑겠다며 상시 거주를 승인하지 않고 있다. 이에 딸 부부는 ""독도에 살 수 있도록 해달라""며 최근 대구지방법원에 울릉군을 상대로 상시거주 승인허가 처분 및 주민등록 전입신고 수리거부 처분 취소 소송을 냈다. 김경철씨는 ""장모님 홀로 독도에서 살기 어려워 우리 부부가 자주 드나드는데 상시 거주자가 아니어서 오래 머물 수 없다""며 ""독도 주민이 돼 장모님과 오래 머물고자 전입신고를 냈는데 받아주지 않아 소송을 냈다""고 말했다. 독도 주민 김성도씨가 별세한 직후 울릉군에는 ""독도에 살고 싶다""며 문의하는 전화가 이어졌다. 독도 최초 주민인 고 최종덕씨 딸 부부도 독도 거주 의사를 밝힌 바 있다. 당시 울릉군은 고 김성도씨 부인인 김신열씨가 독도 주민인 만큼 추가로 다른 거주민을 받아들이기는 어렵다며 거주 신청을 받아들이지 않았다. 군 관계자는 ""현재는 추가로 상시거주 독도 주민을 선정할 계획이 없기 때문에 어쩔 수 없다""고 설명했다.   sds123@yna.co.kr",https://v.daum.net/v/20200902154434896
수백 km 떨어져 있는데도..제주에는 강한 비바람,"[앵커]  매우 강한 세력으로 발달한 '9호 태풍 마이삭'이 한반도를 향해 오고 있습니다.  현재는 서귀포 남쪽 해상에서 북진 중입니다.  오전 11시 기준 최대 풍속은 초속 45m, 시속 162km에 달합니다.  사람이나 커다란 돌이 날아갈 수 있는 위력입니다.  강풍과 함께 많은 양의 비도 뿌릴 것으로 보여 피해가 우려됩니다.  특히, 태풍의 이동 경로에 있는 곳은 각별한 주의가 필요합니다.  오늘 10시 예보 기준, 지역별 최근접 시각을 살펴볼까요?  제주 서귀포는 오늘 저녁 7시, 통영과 부산, 울산 등 영남 지역은 내일 새벽이 가장 큰 고비입니다.  이후 내륙을 관통한 뒤 내일 오전 7시쯤 강릉 인근을 지날 것으로 보입니다.  최신 예보가 들어오면 이동 경로 등은 일부 수정될 수 있습니다.  그런 만큼 실시간 기상 정보에 귀 기울이셔야겠습니다.  그럼, 현장 연결해 자세한 태풍 상황 알아보겠습니다. 고재형 기자!  파도도 높게 치고 비바람도 거세게 부는데요 제주 상황 전해주시죠?  [기자]  네, 그렇습니다.  제가 나와 있는 이곳에서는 쉴 새 없이 밀려드는 강한 파도를 볼 수 있습니다.  파도가 방파제를 쉽게 넘어 바닷물이 도로까지 넘치기도 하는 상황입니다.  시간이 갈수록 비바람도 강하게 불고 있습니다.  태풍 '마이삭'이 수백 킬로미터 떨어진 곳에 있는데도 위력은 대단합니다.  제주 전역은 오전 10시를 기해 태풍경보가 발효 중입니다.  한라산 윗세오름에 최대 순간풍속 초속 25m의 바람이 부는 등 곳곳에서 10~20m 안팎의 강한 바람이 불고 있습니다.  벌써 강풍 피해 7건이 발생했는데요.  지붕과 간판 등 안전조치 요청이 소방본부에 여러 건 접수됐습니다.  또 강풍으로 인해 전선이 끊어져 서귀포시에 천여 가구가 한때 정전되기도 했습니다.  태풍 '마이삭'은 제주를 지나는 동안 많은 비도 뿌릴 전망인데요.  내일까지 제주 산간에는 최고 400mm, 해안지역에도 100에서 300mm의 폭우가 예보됐습니다.  폭우로 범람이 우려되는 하천 주변 주민들은 침수 피해에 대비하셔야 합니다.  제주 해상에도 태풍경보가 발효 중입니다.  최고 12m 높이의 파고가 예보돼 제주 항·포구에는 각종 선박 2천여 척이 피항 중입니다.  제주 기점 9개 항로, 여객선 15척도 끊겼습니다.  제주 공항도 태풍 영향으로 오전 10시 반 이후 항공편 운항이 전부 취소됐습니다.  태풍 '마이삭'이 제주에 가장 근접하는 시간은 서귀포 저녁 7시, 제주시 저녁 8시인데요.  해수면이 가장 높은 밀물 시간대와 겹쳐 해안 저지대에는 월파와 해일 피해도 우려되는 상황입니다.  해당 지역 주민들은 철저한 대비가 필요합니다.  제주도도 태풍 북상에 따라 비상 대응체계를 가동하고 피해 최소화를 위해 예찰 활동 등을 강화하고 있습니다.  지금까지 제주에서 YTN 고재형[jhko@ytn.co.kr]입니다.  ※ '당신의 제보가 뉴스가 됩니다' YTN은 여러분의 소중한 제보를 기다립니다.  [카카오톡] YTN을 검색해 채널 추가 [전화] 02-398-8585 [메일] social@ytn.co.kr [온라인 제보] www.ytn.co.kr",https://v.daum.net/v/20200902140437163
"""할머니 걸리면 안돼..추석때 고향 안 가는게 효도"""," (서울=뉴스1) 정재민 기자,최현만 기자 = 신종 코로나바이러스 감염증(코로나19) 사태 속 처음 맞는 추석 명절을 두고 전문가들은 ""인구 대이동은 위험천만하다""며 ""안 가는 것이 효도""라고 평가했다. 아울러 20일째 세 자릿수 신규확진자가 나오는 상황에서 향후 1~2주가 관건이라며 섣부른 사회적 거리두기 단계 하향 설정은 '독'이 될 수 있다고 경고했다. 김강립 중앙재난안전대책본부 1총괄조정관(보건복지부 차관)은 2일 ""추석 연휴 기간에 이동은 여러 가지 안전 조치, 특히 일상을 보장하는 것에 앞서 방역을 전제하는 것을 토대로 일상을 최대한 보장해 줄 수 있는 방향으로 대책을 균형 있게 논의하고 검토하고 있다""고 말했다. 최근 수도권을 중심으로 한 코로나19 확산세가 수도권을 넘어 전국으로 확대되면서 추석을 한 달 앞둔 시민들 역시 혼란에 빠져 있다. 벌초 등 추석 사전 행사를 앞두고 대행업체 문의가 폭증하는가 하편 코로나19 시대에 맞춰 '마스크, 손세정제' 선물 예약도 줄을 잇고 있다. 일각에선 추석 연휴 기간 이동을 제한하자는 목소리도 나온다. 전문가들은 추석이 한 달쯤 남은 상황에서 그 이전의 확산세 안정이 선행돼야 한다고 입을 모았다. 최재욱 고려대학교 의과대학 예방의학과 교수는 ""추석 전 1~2주 전이 중요하다. 그 기간 신규확진자 수 등을 고려해야 한다""며 ""어느 정도 통제가 되는지, 감소하는 추세인지 이런 것들을 봐야 한다""고 지적했다. 이어 ""감소세라면 사회적 거리두기 단계도 내릴 텐데 그에 따라 또다시 확진자가 늘 수도 있는 상황이 온다""고 덧붙였다.  전문가들은 방역당국이 최대한 추석 명절을 시민들에게 보장하겠다는 입장인 만큼 그에 앞선 확산세 안정과 정확한 가이드라인 홍보가 필요하다고 지적했다. 김우주 고려대학교 구로병원 감염내과 교수는 ""최악의 경우 도시의 젊은이들이 고령층이자 고위험군인 부모에게 바이러스를 옮길 수 있다""며 ""그런 경우 그간 도심에 비해 상대적으로 확산세가 적었던 농촌에도 바이러스가 확산될 수 있다""고 내다봤다. 이어 ""과연 고향에 가는 것이 효도인지, 가지 않고 비대면(언택트) 추석을 보내는 것이 효도인지 잘 숙고해봐야 할 때""라며 ""현재로선 인구 대이동은 위험천만이다. 안 갈 수 있으면 안 가는 것이 효도""라고 경고했다. 천은미 이대목동병원 호흡기내과 교수 역시 ""이동하다 보면 (감염자가) 섞이니까 꼭 필요한 경우가 아니면 이동을 안 해야 한다""고 강조했다. 최 교수는 ""수천년간 내려온 전통을 무조건 막을 수는 없는 법""이라며 ""그 대신 현재 상황이 얼마나 엄중한지, 관리가 가능한지 등을 방역당국이 제대로 알려줘야 한다. 장기적인 전망과 함께 방역 계획을 제대로 알리는 게 우선""이라고 지적했다. 일각에선 줄곧 주장하던 거리두기 3단계가 이어지지 않은 아쉬움을 표하기도 했다.  엄중식 가천대학교 길병원 감염내과 교수는 ""(3단계를 선택하지 않은) 현 상황에서 추석 이동 제한까지는 안 갔으면 한다""며 ""추석 이후엔 수능이 우리를 기다리고 있다""고 밝혔다. ddakbom@news1.kr ",https://v.daum.net/v/20200902142658155
"""어떤 의사를 고르시겠습니까?"" 의사협회 홍보물 논란"," ""공부에 매진한 의사와 성적이 모자른 공공의대 의사. 어떤 의사를 고르시겠습니까?"" 대한의사협회 산하 기관인 의료정책연구소가 1일 사회관계망서비스(SNS)에 공공의대와 기존 의대 출신 의사를 비교하는 내용의 홍보물을 올렸다가 뭇매를 맞고 있다. 의료정책연구소는 ""의사파업을 반대하시는 분들만 풀어보라""며 여러 가지 문제를 냈다. 첫 질문은 ""당신의 생사를 판가름 지을 중요한 진단을 받아야 할 때, 의사를 고를 수 있다면 둘 중 누구를 선택하겠냐""는 질문이었다. 답변으로는 '매년 전교 1등을 놓치지 않기 위해 학창시절 공부에 매진한 의사'와 '성적은 한참 모자르지만 그래도 의사가 되고 싶어 추천제로 입학한 공공의대 의사'라는 두 가지 선택지가 제시됐다. 또 다른 질문에서는 ""두 학생 중 나중에 의사가 돼 각각 다른 진단을 내렸다면 다음 중 누구 의견을 따르겠냐""고 묻고 '수능 성적으로 합격한 일반의대 학생'과 '시민단체장의 추천을 받아 시험을 치르지 않고 입학한 공공의대 학생' 중 하나를 고르도록 했다. 이 외에 ""환자가 많은 의대 병원에서 수많은 수술을 접하며 수련한 의사와 인프라가 갖춰지지 않은 지방 공공의대에서 수술은 거의 접하지 못한 의사 중 누구에게 수술을 받길 원하냐""는 질문도 있었다. 이 같은 홍보물을 두고 SNS에서 비판 여론이 이어지고 있다. 대다수는 해당 홍보물에 전혀 설득력이 없다는 지적이다. 한 누리꾼은 ""어떤 의사라도 좋으니 만나기 위해 2~3시간씨 차를 타야 하는 사람들이 많다. 그러니 공공의대 의사라도 공급하자는 거 아니냐""고 비판하기도 했다. 다른 누리꾼들도 ""공부 잘한 의사가 좋은 의사라는 논리는 어떻게 나오는 거냐. 엘리트주의에 찌든 콘텐츠를 보니 답이 안 나온다""(서****) ""검정고시로 의대에 간들 무슨 상관이냐""(황****), ""정 의심스러우면 국가고시 기준을 높여서 거르면 되는 거 아니냐""(박****) 등의 반응을 보였다. 반면 일부는 ""공공의대 관련 법안의 실제적인 문제들을 너무 잘 전달한다""(sa****)며 핵심 쟁점이 잘 드러난다고 긍정적으로 평가했다. 윤한슬 기자 1seul@hankookilbo.com",https://v.daum.net/v/20200902120259569
기계음만 들린 119 신고..신입소방관 기지로 10대 목숨 구해,"(수원=연합뉴스) 김솔 기자 = 신입 소방관이 기계음만 들리는 신고 전화에서 이상 신호를 감지해 극단적인 선택을 하려던 10대 청소년의 목숨을 구했다.  경기도 소방재난본부에 따르면 지난달 30일 오전 3시 50분께 119 상황실에서 근무하던 재난종합지휘센터 소속 김경환 소방교에게 한 통의 신고 전화가 걸려왔다. 수화기 너머로 신고자의 음성은 들리지 않았고 인식하기 어려운 기계음만이 이어졌다. 대수롭지 않게 여길 수도 있는 신고 전화였지만, 근무를 시작한 지 두 달 된 김 소방교는 이를 화재로 인한 단독경보형 감지기 소리로 판단해 즉시 현장에 출동조치를 내렸다. 김 소방교가 위치추적을 이어가며 걸려온 번호로 20여 차례 통화를 시도하는 내내 옆에 있던 장민정 소방장도 관할 경찰서에 공조 요청을 했다. 신고 지점이 다가구주택 밀집 지역이었던 탓에 신고자의 정확한 위치를 파악하는 데 어려움이 있었지만, 소방대는 때마침 불 켜진 집을 발견하고 창문 안으로 쓰러져 있는 신고자를 발견했다. 연기가 가득 찬 방안에서 발견된 신고자는 즉시 병원으로 이송돼 생명을 건졌다. 권용성 경기도 소방재난본부 재난종합지휘센터장은 ""상황실 직원들의 침착한 대응과 현장 출동대원들의 발 빠른 대처로 소중한 생명을 구해냈다""며 ""신고 상황별 대처 방법 등 향후 교육에 이번 사례를 활용할 계획""이라고 말했다. sol@yna.co.kr",https://v.daum.net/v/20200902140453169
"'퇴원' 전광훈에 ""흡사 괴물같다"" ""재수감을"" 날 세운 여권"," 신종 코로나바이러스 감염증(코로나19) 치료를 받고 2일 퇴원한 전광훈 사랑제일교회 목사를 향한 여권 인사들의 성토가 이어졌다. 전 목사가 정부의 방역조치를 '사기극'이라며 문재인 대통령을 비난한데 따른 반발이다. 노웅래 더불어민주당 의원은 이날 자신의 사회관계망서비스(SNS)에서 '물에 빠진 것 구해 놓았더니 보따리 내놓으라는 전광훈' 이라는 제목의 글을 올리고 ""후안무치의 괴물""이라고 날을 세웠다. 노 의원은 아직 광화문 집회로 인한 코로나19 집단 감염의 불길이 잡히지 않았다는 점을 지적하면서 ""오히려 자신을 치료해 준 정부의 방역과 의료체계를 욕하는 그의 모습은 이제 흡사 '괴물'이 따로 없다""고 했다. 그는 이어 ""과연 누가 이 괴물을 키워줬고, 누가 옹호하고 지켜왔는지 우리들은 결코 잊지 않아야 할 것""이라고 덧붙였다. 같은당 이원욱 의원도 페이스북에서 ""전광훈 피고인은 기자회견이 아닌 보석 취소 심문을 받아야 한다""고 주장했다. 이 의원은 ""광화문 집회를 통해 우리의 일상을 파괴한 전광훈 피고인이 병원을 나와 바로 하겠다는 것이 기자회견""이라며 ""재판부가 (재구속하지 않고) 전광훈이 야기할 문제를 방치한다면 재판부는 시민을 보호할 임무를 방기하는 것""이라고 강조했다. 한편 전 목사는 같은날 서울 성북구 사랑제일교회 앞에서 기자회견을 열고 ""(정부가) 우한 바이러스 전체를 우리에게 뒤집어씌워 사기극을 펼치려 했으나 국민의 현명한 판단 덕분에 실패한 것""이라고 말했다. 그러면서 “문 대통령이 국가 부정, 거짓 평화통일로 국민을 속이는 행위를 계속하면 한 달 뒤부터 목숨을 던지겠다. 저는 순교할 각오가 돼 있다”고도 했다. 전혼잎 기자 hoihoi@hankookilbo.com",https://v.daum.net/v/20200902145559537
"퇴원한 전광훈 첫마디는 ""정부 방역은 사기극..순교 각오했다""(종합)"," (서울=연합뉴스) 정성조 기자 = 신종 코로나바이러스 감염증(코로나19) 확진 판정을 받아 병원에서 격리 치료를 받다가 2일 퇴원한 전광훈 사랑제일교회 담임목사는 정부의 방역조치를 '사기극'이라 표현하며 문재인 대통령을 비난했다. 전광훈 목사는 이날 오전 서울 성북구 장위동 사랑제일교회 앞에서 기자회견을 열고 ""'우한 바이러스' 전체를 우리(교회)에게 뒤집어씌워서 사기극을 펼치려 했으나 국민의 현명한 판단 덕분에 실패한 것""이라고 주장했다. 마스크를 쓴 채 밝은 표정으로 등장한 전 목사는 ""저와 저희 교회를 통해서 여러분께 많은 근심을 끼쳐드린 데 대해 죄송하다""고 말문을 연 뒤 6분가량에 걸친 발언 내내 문 대통령에 대한 비난을 쏟아냈다. 전 목사는 ""지난 1년 동안 '이승만광장'(광화문광장 서편)에 수천만명이 모여 문 대통령에게 1948년 건국 부정과 낮은 단계의 연방제 등을 사과하라고 요구했다""며 ""답은 안 하고 틈만 나면 저와 우리 교회를 제거하려고 재개발을 선동했다. 이번에는 '우한 바이러스'였다""고 말했다. 그는 ""저는 정치가·사회운동가가 아니라 한국 교회를 이끄는 선지자 중 하나""라며 ""한 달은 지켜보겠지만, 문 대통령이 국가 부정, 거짓 평화통일로 국민을 속이는 행위를 계속하면 한 달 뒤부터는 목숨을 던지겠다. 저는 순교할 각오가 돼 있다""고 주장했다. 전 목사는 ""(사랑제일교회 상대 상인 집단소송을 예고한 단체) '평화나무'에서 교회 주변 상점들을 선동하고 다니는데 그런 불의한 짓은 결코 오래 가지 못 한다""고도 했다. 이날 사랑제일교회 관계자들은 전 목사의 감염 상태 등을 보도한 일부 언론의 기자회견장 출입을 막았다. 취재진을 위해 마련된 천막 가장 앞줄에는 보수 유튜버들이 자리를 잡았다. 강연재 변호사 등 변호인단은 기자회견 후 외신을 대상으로 '사기극' 주장을 되풀이했다.  xing@yna.co.kr",https://v.daum.net/v/20200902114244561
"통합당, '子 황제복무 의혹' 추미애 연일 맹공..사실상 사퇴 촉구"," [이데일리 송주오 기자] 미래통합당이 추미애 법무부 장관 압박에 총공세를 취하고 있다. 추 장관 아들 서 씨의 군 복무 문제와 관련해 의혹을 거듭 제기하며 사실상 사퇴를 촉구하고 나섰다.  그는 서 씨가 사용한 병가 19일과 관련해 증거 자료가 없다는 점도 언급했다. 이어 “정절차상 오류라는 국방부 장관의 답변은 공허하다 못해 안쓰럽다. 감추어야 할 뭔가가 있었으리라. 그냥 넘어 갈 일이 아니다”고 강조했다.  윤 부대변인은 “추 장관 스스로가 나서야 한다. 27세나 된 아들더러 “아이가 눈물을 흘리고 있다”는 식으로는 안 된다. “소설 쓰시네” 같은 비아냥은 다시는 듣고 싶지 않다. 현명한 판단을 기대한다“며 용퇴를 종용했다. 앞서 서 씨는 2016~2018년 21개월간 미8군 한국군지원단 미2사단 지역대 본부중대 지원반에서 복무하며 총 58일간 휴가를 사용했다. 서씨가 2017년 6월 5일부터 27일까지 23일 간 장기 휴가를 받았고 그중 19일 정도를 ‘병가’로 다녀왔다는 게 통합당 측 설명이다.  다만 병원 진단서, 군의관 소견서 등 어떠한 근거 기록도 남아있지 않다면서 서씨가 ‘황제 군복무’를 한 게 아니냐는 의혹을 제기했다. 추 장관은 당시 더불어민주당 대표였다. 이에 통합당은 이를 바탕으로 서 씨를 고발할 방침이다. 통합당 측은 “고발 내용은 3가지다. 서씨가 1, 2차 병가를 썼다고 하는데 아무 근거 기록과 자료가 없는 상황으로 사실상 무단휴가이자 근무지 이탈”이라며 “이는 군형법 제30조 군무이탈과 제41조 근무 기피 목적의 위계죄에 해당한다”고 했다. 아울러 통합당은 추 장관 보좌관이 전화로 서씨 병가에 대해 청탁했다는 정황을 구체적으로 제시했다. 신원식 의원실 측이 서씨 휴가 관련 참모장교이자 지원장교인 A 대위와의 통화 내역을 공개했다. 지난달 30일 오후 5시 16분쯤 신 의원실 관계자와 A 대위와의 통화 내역에 따르면, 의원실 관계자는 ‘추 장관의 당시 보좌관이 서씨에 대한 병가가 연장되는지 문의하는 전화가 왔느냐’고 묻자 A 대위는 ‘그렇다’고 답변했다. 전날 국회 법제사법위원회 소속 통합당 의원들은 전체회의에서 추 장관을 상대로 현안질의를 요구했다. 서 씨와 관련한 황제복무 문제를 따기지 위해서였다. 하지만 윤호중 법사위원장이 여야 간사 간 합의가 없었다는 이유로 거부하면서 무산됐다. 법사위 통합당 간사인 김도읍 의원은 “추 장관 아들 문제는 군 조직이 개입돼 있다는 의혹이 제기되고 있고, 이런 상황에서 추 장관의 일관된 변명에 대해 저희가 확인을 했었어야 했다”고 주장했다. 송주오 (juoh413@edaily.co.kr) ",https://v.daum.net/v/20200902142031876
'페이스 아이디' 19금 드립 난무 이효리 '성욕증진 요가→야동 검찰' [어제TV],"   [뉴스엔 이상지 기자] 가수 이효리가 카카오TV '페이스 아이디'에서 폭발적인 입담을 뽐냈다.  9월 1일 카카오TV에서 새롭게 론칭한 웹예능 '페이스아이디'는 2일 오전 기준 32만회를 넘기며 뜨거운 화제성를 모으고 있다.  '스타의 휴대폰에는 뭐가 들어있을까?'라는 기획 의도로 만들어진 '페이스 아이디'는 이효리의 순도 100% 매력을 담아낸다. 노메이크업으로 카메라 앞에선 그녀는 ""어플이 뭐냐?""고 묻는 기계치 면모를 드러내는가 하면 ""성욕 증진 요가""라며 이상순과 영상 통화를 시도하는 모습으로 웃음을 선사했다.  이날 방송에서 이효리는 핸드폰 화면을 시청자들에게 보여주기 위해 '화면기록' 기능을 익혔다. 화면 기록을 실행하자 핸드폰에 담긴 내용이 녹화되기 시작했다. 그녀는 ""남편 바람 피우는 것도 이걸로 잡을 수 있겠다""며 의미심장한 미소를 띠었다. ""핸드폰 어떤 기능을 주로 사용하느냐?""는 질문에는 사진, 날씨, 음성 메모 기능을 꼽았다.  음성 메모 기능으로 떠오르는 멜로디를 스케치한다는 그녀는 화장실 물 내리는 소리가 녹음된 파일이 흘러나오자 당혹감을 감추지 못했다. 이에 ""'전 이상하게 화장실만 가면 멜로디 생각이 난다. 밑으로도 나가고 위로도 뿜어져 나가는 카타르시스가 있다고나 할까?""라는 말로 폭소를 유발했다.  평상시 버려진 유기견을 위해 힘써오고 있는 이효리는 1093장에 달하는 개 사진첩을 공개해 눈길을 끌기도 했다. 이어 ""개판이다""라며 ""개천국이다. 장난 아니다. 개천지다. 어떻게 이렇게 개가 많지? 내 개, 남의 개, 보호소 개""라며 남다른 개사랑을 드러내기도.  어떤 어플을 쓰는지 보여달라는 요구에 각종 앱을 뒤지다 '스마일리더'라는 어플을 보며 잠시 멈칫했다. '스마일리더'라는 배란일 알림 어플에 대해서는 ""배란일에 가까워지면 웃고 멀어지면 운다""라고 설명했다. 이어 공개된 모습에서 요가를 하던 이효리는 남편 이상순에게 ""오늘 밤 거사를 위해서 성욕 증진 요가를 같이 해보도록 하자. 몸과 마음을 활짝 열어드리겠다""라며 오픈 자세를 선보이며 웃음을 자아냈다.  이어진 장면에서는 이상순의 핸드폰을 검사했다. 이어 ""오빠는 이제 딱 걸렸어 나한테""라며 ""이제 망했다고 보면돼. 내가 오늘 뭘 배웠는지 알아? 야동보는 거 다나오거든?""라고 경고해 큰 웃음을 안겼다. 이상순은 ""날 감시하는 거야?""라고 받아쳤다.  이어 이효리는 인스타그램 피드를 감시하며 ""소유 왜 검색했어?""라고 쏘아 붙인 뒤 ""트와이스 나연 수박 퍼포먼스는 왜 나오는 거야?"" 등 끝임없는 질문으로 이상순을 당황하게했다. 마지막 장면에서 두 사람은 서로를 끌어 안다가 ""핸드폰 중독이냐?""라고 투닥거리며 현실 부부의 모습을 보여주면서 웃음을 선사했다.  (사진=카카오TV '페이스아이디' 화면 캡처) 뉴스엔 이상지 leesang@ 기사제보 및 보도자료 newsen@newsen.com copyrightⓒ 뉴스엔. 무단전재 & 재배포 금지 ",https://v.daum.net/v/20200902143037339
"[단독] 짐 로저스 ""동학개미, 족집게 조언 듣다가 망한다"" 경고"," 전 세계적으로 신종 코로나바이러스 감염증(코로나19)이 또 다시 확산하면서 각국 정부가 시장에 돈을 밀어넣고 있다. 주식에 관심을 두는 개인들이 급증하는 등 유례없는 경제 흐름도 이어지고 있다. 이런 가운데 한국일보는 지난달 26일 싱가포르에 머물고 있는 짐 로저스 로저스홀딩스 회장과 단독 화상 인터뷰를 통해 코로나19가 세계 경제에 끼칠 영향과 전망 등에 대해 얘기를 나눴다.  '투자의 귀재'라 불리는 로저스 회장은 코로나19 확산 여파 속 한국의 '동학개미 운동'과 미국의 '로빈후드 운동' 등 세계적으로 일고 있는 '개인 투자열풍'에 대해 강하게 우려했다.  동학개미운동은 코로나19가 증시에 큰 충격을 준 2월 이후 외국인들이 한국 주식을 대거 팔기에 나서며 주가 지수가 고꾸라지자, 개미라 불리는 국내 개인투자자들이 외국인 매도 물량을 적극 사들여 시장을 방어한 현상을 가리킨다. 실제로 지난달 31일 코로나19 재확산 충격과 공매도 금지조치 연장 등으로 인해 외국인이 코스피 시장에서 1조6,300억원 규모의 주식을 순매도했다. 한국거래소가 관련 수치를 집계한 1999년 이후 사상 최대 순매도액이다. 하지만 국내 '동학개미'들이 외국인이 던진 물량을 받아내며 코스피 하락을 1%대로 방어했다. 이날 하루 개인의 순매수 규모(1조5,700억원)는 5월 4일 이후 역대 두 번째로 많다.  로빈후드는 2013년 미국에서 등장한 주식거래 애플리케이션(앱)으로, 이용자들의 평균 나이는 31세에 불과하지만 현재 미국 증시의 활황을 이끌고 있다.  전문가들은 두 나라 모두 투자에 익숙하지 않은 젊은 개인투자자들의 투자 열풍이 증시 상승세를 이끌었다는 공통점이 있다고 분석한다. 다만 미국은 한국과 달리 정부가 코로나19로 어려워진 개인들에 지급한 보조금이 주식 투자의 '종잣돈'으로 쓰였다는 차이가 있다. 로저스 회장은 미국 예일대에서 역사학을 전공하고 영국 옥스퍼드대 대학원에서 철학과 정치경제학을 공부했다. 1969년 '헤지펀드 제왕' 조지 소로스와 공동으로 '퀀텀펀드'를 설립했다. 이곳은 10년 넘게 4,200%의 수익률을 기록하며 헤지펀드의 대명사가 됐다. 로저스 회장은 워렌 버핏, 조지 소로스와 함께 세계 3대 투자 전문가로 불린다.   여행광으로 알려져 있지만 코로나19 탓에 싱가포르 집에 머물러 있어야 한다는 로저스 회장. 로저스 회장은 인터뷰 내내 '팬데믹(pandemicㆍ세계적 대유행)'을 '에피데믹(epidemicㆍ국지적 유행)'으로 불렀다. 로저스 회장은 코로나19를 대비해 각국 정부가 펼치고 있는 봉쇄 정책이 가져 올 부작용을 설명하며 목소리를 높였다.  -전 세계적으로 코로나19 2차 유행이다. 앞으로 세계 경제가 어떻게 될까.  ""우리는 역사적으로 이런 대유행을 경험해봤다. 가장 가깝게로는 2009년의 신종 인플루엔자(H1N1)가 있었다. 하지만 이번(코로나19)처럼 공항과 항구를 그리고 맥도날드를 폐쇄한 적은 없었다. 이것은 최악의 결과를 낳을 것으로 본다. 이곳 싱가포르도 현재 경제 활동이 완전히 멈추면서 사람들이 고통 받고 있다. 문제는 앞으로 좋아질 가능성은 높지 않고 대신 최악을 향해 달려갈 것이라는 점이다."" -경제가 2008년 글로벌 금융위기 때보다 나빠질 것으로 보나. ""당신 일생이나 내 일생을 통틀어 최악일 것이다. 2008년에도 어마어마한 빚이 있었다. 하지만 이번에는 더 나빠질 것이다."" -그렇게 보는 이유는.  ""우선 봉쇄의 여파가 너무 크다. 나라면 봉쇄를 하지 않을 것이다. 과거에는 단 한번도 전염병 때문에 국경을 봉쇄하고 경제 활동을 멈춘 일이 없었다. 사람들은 전염병의 존재를 알고 있다. 이미 조심스러워한다. 굳이 봉쇄할 필요가 있을까. 모든 것을 막아버리면 반드시 부작용이 생긴다. 사람들은 돈을 잃고 파산한다. 자살도 급증한다. 물론 질병으로 사람의 목숨이 사라지는 것은 끔찍한 일이다. 하지만 파산은 당신의 친구와 가족까지 고통스럽게 만든다. 모든 걸 잃게 만든다. 앞으로 3, 4년만 지나면 무엇이 최선이었는지 (전 세계가) 알게 될 것이다."" -봉쇄로 인해 오히려 성장하는 산업도 있지 않나. ""당연하다. 온라인 원격 수업, 스카이프 등은 유행 중이다. 사람들은 이것들을 사용하지 않으면 안 되는 상황에 놓여 있다. 배달업 등은 잘 나가고 있다. 원격 진료도 마찬가지다. 이런 분야들은 오히려 성장할 가능성이 있다. 누구는 위기로 갈 것이고, 누구는 더 좋아질 것이다. '재앙과 기회는 같은 것이다'라는 말이 있다."" -한국의 K-방역에 대해 들어봤나. ""진단(test), 추적(track), 격리(isolate)? 들어봤다. (봉쇄가 아닌) 한국의 방역 시스템이 잘 갖춰져 있다고 들었다.""  로저스 회장은 미국의 재정 확대와 통화 완화 정책에 대해 강도 높게 비판했다. 미 의회는 3월부터 현재까지 총 4차례에 걸쳐서 2조8,000억달러(약 3,370조원)의 부양책을 통과시켰다. 현재는 새로운 5차 법안을 논의하고 있다. 로저스 회장은 이 때문에 ""당장은 경제가 좋을 것""이라면서도 이후 엄청난 재정 지출로 빚더미에 앉을 수 있다고 경고했다.  -여전히 당분간은 경제가 좋을 것으로 예상하나. ""당장은 많은 나라들이 돈을 찍어대고 뿌려대고 또 소비하고 있다. 시장은 상승세를 보일 것이다. 당장 미국에선 (11월에) 대선이 있고 정치인들은 당선되기 위해 자신들이 할 수 있는 좋은 것을 다 할 것이다. 하지만 내년, 내후년만 돼도 사람들은 '잠시만, 이 모든 빚을 봐. 우리는 뭘 해온 거지?'라고 할 것이다. 언제든 활황은 끝날 수 있다. 분명히 이후 경제는 나빠질 것이다. 누군가는 '경제는 악화할 것이다', '부채가 너무 많다'라는 말을 해야 한다. 이후에는 내 인생에서 가장 최악의 상황이 올 것이다."" -그것을 막기 위해 무엇을 해야 하나. ""할 수 있는 건 없다. 지금 이미 많은 정부가 엄청난 돈을 찍어대고 풀고 빌리고 또 쓰고 있다. 아무 것도 변하지 않을 것이다. 언젠가 대가를 치르게 될 것이다. 이미 걱정을 시작하는 순간, 최악의 때는 와 있을 것이다. 모든 나라들이 돈을 빌리고 쓰는 것을 멈춘다해도 늦을 것이다. 지난 6개월 동안 미국 정부는 역사적으로 가장 많은 채무를 졌다. 수조달러는 추가로 더 빚졌다. 중앙정부가 막대한 양의 국채를 사들였기 때문에 정부가 채무를 갚지 않으면 채권자들은 파괴될 것이고, 보험회사들은 망할 것이다. 분명히 대가를 치르게 돼 있다."" (국제통화기금(IMF)에 따르면 7월 기준 선진국 부채는 전 세계 국내총생산(GDP) 대비 128%로 증가했다. 2차 대전 직후인 1946년(124%) 이후 최대 수준이다. 나라빚의 주요 채권자는 장기 금리를 낮추고 성장률을 끌어올리기 위해 막대한 양의 국채를 사들인 각국의 중앙은행이다.) -경제 봉쇄도 문제라 보나. ""그렇다. 싱가포르는 현재 모든 게 봉쇄되면서 큰 비용을 치르고 있다. 사람들은 엄청나게 많은 돈을 잃고 있다. 그래서 지금 당장은 코로나19 질병 자체는 잘 막아내고 있지만 앞으로 경제 측면까지 감안하면 잘 이겨냈다고 볼 수 있을지는 모르겠다."" -현재 급증하고 있는 유동성은 어디로 갈까. ""채권. 역사적으로 채권 (수익률)이 이렇게 높아본 적이 없다. 금의 경우, 나도 몇년 동안 사지 않다가 지난해 여름부터 샀다. 값이 좀 더 떨어지면 금과 은을 더 살 계획이다. 앞으로 몇 년 동안은 금값이 계속 오를 가능성이 있다. 하지만 '거품현상'으로 갈 가능성도 있다."" (전문가들은 미국 국채의 실질금리와 달러가치가 떨어질 때 금값은 상대적으로 올라가는데 현재 미국의 초저금리 정책으로 달러 가치가 낮은 상태에 머물고 있고 미국 국채의 실질금리도 마이너스 선에 있기 때문에 금값이 올라간 것으로 분석하고 있다.  금은 코로나19 이후 값이 가파르게 상승한 자산 중 하나다. 실제 뉴욕상품거래소(COMEX)에서 금 선물 가격은 지난달18일(현지시간) 기준 온스당 2013.1달러를 기록했다. 이는 3월18일 1477.9달러 대비 36% 포인트 상승한 수치다.) -한국에는 '동학개미운동'이, 미국에는 '로빈후드 운동'이 유행이다.  ""미국엔 지금 자기들이 뭘 하는지 전혀 모르는 투자자들이 있다. 그런 새로운 투자자들은 경험도 없는데 매일 오르는 주식들을 보면서 아직까지는 행복해하고 있을 것이다. 옆에 친구들이 투자해서 좋다고 하니 덩달아 하는 경우도 많다. 그런 사람들은 '나쁜 시간'을 겪어본 적이 없다. 나는 오래 살았다. 자기들이 뭘하는 지도 모른 채 투자하는 행위들을 많이 봐왔다. 그런 일들은 늘 안 좋게 끝났다. 이번 것도 안 좋게 끝날 것이다. 미국이든 한국이든."" -왜 이런 움직임이 유행을 할까. ""지금 각국 중앙은행의 통화 완화 정책으로 인한 '이지머니(easy money)'가 많아져서 그렇다. 다 어디론가는 가야하는 돈이다. 사람들은 이자율이 높지 않으니 은행에 저축을 하는 걸 꺼려한다. 반면 주가는 엄청나게 오르니 다들 달려드는 것이다."" -한국 투자자들에게 해줄 말은 없나. ""모두들 당장 이번달, 이번주 부자가 되고 싶어한다. 내가 해줄 수 있는 얘기는 일단 '족집게 조언'을 듣는다면 돈을 잃게 된다는 것이다. 자동차, 패션, 스포츠 등 누구든 자신이 잘 알고 있는 분야가 있다. 남들의 얘기를 듣지말고 스스로 공부를 해서 투자를 해야 한다."" -최근 어디에 투자를 했나.  ""대한항공이 하락할 때 투자했다. 나는 여러 나라의 항공사들에 투자를 했다. 어제(8월 25일)는 러시아 선박 회사, 중국 와인 회사 주식을 샀다. 운송업 관련 주식이 계속 떨어지고 있고, 특히 러시아 선박 주식은 싸다. 중국 와인의 경우 식당들은 문을 닫고 사람들은 술집에 가지 않는 상황이다. 게다가 원래 내가 아시아 농업에 투자를 해 왔다. 금과 은도 샀다. 이처럼 현재 떨어진(knock down) 것을 사면 기회를 얻을 수 있을 것이다."" (코로나19로 전 세계 항공사가 여객기 운행이 사실상 '올스톱' 상태가 되면서 대한항공은 올해 초부터 매달 수 천억원 자금 부족을 겪다, 기내식 사업 매각과 유상증자 등을 통해 2분기 영업 흑자를 냈다.) -많은 이들이 백신을 주목한다. 백신주에 투자를 하는가. ""내 원칙은 '모르는 것에는 투자를 안 한다'는 것이다. 나는 백신에 대해서 아는 게 없다. 그래서 투자를 안 하고 있다. 나는 내가 아는 분야에만 투자하고 싶다. 유명한 회사들과 대학들이 연구를 하고 있지만 나는 백신을 잘 모른다. 물론 (백신에 대해) 관심은 있다.""  로저스 회장은 10여년 전부터 '북한 대박론'을 주장해왔다. 현재 코로나19 등 여러 요소로 해빙됐던 한반도 정세가 다시 얼어붙고 있는 상황임에도 그는 여전히 '한반도 대세론'의 입장을 유지하고 있다. 로저스 회장은 휴전선(군사분계선)을 6ㆍ25 전쟁 전의 경계선이었던 '38선'으로 불렀다. 또 한반도를 영어가 아닌 한글로 또박또박 '한. 반. 도'라는 세 음절을 말하기도 했다.  -북한의 성장 가능성에 대해선 여전히 믿고 있는가. ""38선(군사분계선)만 열리면 한반도는 가장 흥미로운 장소가 될 것이다. 값싸고 훈련된 노동력, 천연 자원, 중국과 인접성, 제조력. 이 모든 것이 함께 하기 때문이다. 그런데 일본은 여기에 경쟁자가 될 수 없다는 것을 안다. 그래서 통일이 되지 않기를 바라고 있다. 일본과 미군만 38선이 열리는 것을 원치 않고 있다."" -딸들이 중국어를 배우고 있다던데.  ""내 어린 두 딸은 현지학교를 다니며 중국어를 배우고 있다. 그들의 일생 동안 중국어는 가장 중요한 언어가 될 것이다. 하지만 앞으로 20년이 지나면, 38선이 열리면, 한반도는 가장 흥미로운 곳이 될 것이다. 한국어를 지금 배우면 매우 중요한 언어를 알게 되는 것이다. 왜냐하면 한반도에는 엄청난 기회가 있을 것이기 때문이다. 따라서 미래를 잘 준비할 수 있게 당장 한국어를 배우기를 권한다."" (로저스 회장의 두 딸은 걸그룹 '블랙핑크'의 엄청난 팬으로 알려져 있다.) 손성원 기자 sohnsw@hankookilbo.com",https://v.daum.net/v/20200902130003118
"노영민 ""문대통령 사저부지에 건물 들어서면 기존 집 처분"""," (서울=연합뉴스) 김동호 홍규빈 기자 = 노영민 대통령 비서실장은 2일 ""(문재인 대통령의) 사저 이전 부지에 건물이 지어지면 (현재) 양산 집은 처분할 계획""이라고 밝혔다. 노 실장은 이날 국회 운영위에 출석, 미래통합당 곽상도 의원이 '새로 매입한 사저 부지에 단독주택이 포함돼 있어 문 대통령이 2주택자가 됐다'는 취지로 지적하자 이같이 답했다. 곽 의원은 ""문 대통령 내외가 매입한 사저 부지에는 농지가 70% 포함됐는데, 이 정도면 농지를 샀다고 볼 수밖에 없다""며 ""김정숙 여사가 농사짓는 사진은 양산에 가서인가, 아니면 신축 사저냐""라고 따져 물었다. 그러자 노 실장은 ""양쪽 다로 알고 있다""고 답했다. 대통령 취임 후 직접 농사를 지으러 간 적이 있느냐 질문에 노 실장은 ""양산에 방문할 때 돌본 것으로 알고 있다""면서도 몇차례였냐는 물음에는 ""밝힐 수 없다. 대통령의 비공개 일정은 모두 국가 1급비밀""이라고 말했다. 곽 의원은 ""대통령도 공무원이기 때문에 영리업무를 할 수 없다""며 ""농지법상 농지를 보유한 이는 농업경영계획서를 내게 돼있는데, 여기에 '농업경영'을 한다고 돼있다""고 지적했다. 이어 곽 의원이 ""겸직금지에 해당한다""고 주장하자 노 실장은 ""겸직금지에 해당한다고 생각하지 않는다""고 반박했다. dk@yna.co.kr",https://v.daum.net/v/20200902152838114
"문 대통령 간호사 위로에..간호사들 ""있는 인력부터 지켜라"""," 문재인 대통령이 의료계 파업으로 인한 간호사들 노고를 치하한 데 대해 반발 여론이 나온다. 코로나19(COVID-19) 당시에는 의사들을 추켜세우다 이제는 간호사와 '갈라치기' 한다는 비판이다.  문 대통령은 2일 오후 페이스북에 ""전공의 등 의사들이 떠난 의료현장을 묵묵히 지키고 있는 간호사분들을 위로하며 그 헌신과 노고에 깊은 감사와 존경의 마음을 드린다""고 말했다.  이는 코로나19(COVID-19) 재확산 기류에 간호사들을 위로한 말이지만, 시기가 미묘해 논란이 일고 있다. 정부의 의대 정원 확대와 공공의대 설립에 반발해 의사들의 파업이 있는 가운데, 굳이 간호사 노고만 치하하는 게 정치적 의도 아니냐는 것. 특히 의사와 간호사의 편을 가르는 듯한 구절도 문 대통령의 글에서 나와 논란이다. 코로나 국면에서 노력한 의료진을 '간호사'라고 짚어 말한 것이다.  문 대통령은 ""지난 폭염 시기, 옥외 선별진료소에서 방호복을 벗지 못하는 의료진들이 쓰러지고 있다는 안타까운 소식이 국민들의 마음을 울렸다""며 ""의료진이라고 표현됐지만 대부분이 간호사들이었다는 사실을 국민들은 잘 알고 있다""고 말했다.  이를 두고 온라인에서는 대통령 답지 못한 발언이었다는 비판이 나온다. 당장 문 대통령의 페북 댓글에는 ""정치를 좀 대국적으로 하라"", ""이게 대통령이 한 말이 맞는지 의심스럽다. 제발 해킹이라고 해달라"", ""같은 의료인인데 대통령이 이렇게 편가르기 해도 되나"" 등의 반응을 보였다.   간호사들 역시 문 대통령의 발언에 불편함을 드러냈다. 젊은간호사회는 ""간호사 노고를 알아주심에 감사하다""면서도 ""의료인력이 절실히 필요하다면 현재 있는 의료인력부터 확실히 지켜달라""고 꼬집었다.  이들은 ""열악한 근무, 가중된 근무환경, 감정노동이 의사들의 집단행동으로 갑자기 생긴 것이 아니다""라며 ""게다가 간호사들의 어려움을 줄이는 방법은 간호대 증원, 지역간호사제가 아니다. 간호협회가 아닌 진짜 간호사 목소리를 들어달라""고 강조했다. 정부가 추진하는 의대 정원 확대, 공공의대를 비꼰 것이다.  한편 이같은 대통령의 발언은 대화 국면을 맞은 정부-의료계 협상에서도 불리하게 작용할 것으로 보인다.  지난 1일 한정애 더불어민주당 정책의장 정책위의장은 최대집 대한의사협회 회장과 만나 쟁점에 관해 ""완전하게 제로의 상태에서 논의할 수 있다""고 말해 의료계에서는 긍정적 반응이 나왔다.  의협은 오는 3일 전공의, 전임의, 의대생들이 참여하는 젊은의사 비상대책위원회와 함께 범투위 회의를 열어 협상안을 논의한다는 계획이었다. ",https://v.daum.net/v/20200902154428892
"STL 한 줄 평 ""김광현 투구, 간과해선 안 된다"""," [스포티비뉴스=김민경 기자] 김광현(32, 세인트루이스 카디널스)의 호투에 구단도 박수를 보냈다.  김광현은 2일(한국시간) 미국 오하이오 신시내티 그레이트아메리칸볼파크에서 열린 '2020 메이저리그' 신시내티 레즈와 경기에 선발 등판해 5이닝 3피안타 2볼넷 4탈삼진 무실점 완벽투로 시즌 2승째를 챙겼다. 시즌 평균자책점은 종전 1.08에서 0.83까지 떨어뜨렸다. 세인트루이스는 장단 23안타를 터트린 타선에 힘입어 16-2로 대승했다.  타선의 화력에 김광현의 투구 내용이 묻힐 수도 있었다. 세인트루이스 타선은 김광현이 6회말 라이언 헬슬리와 교체되기 전까지 장단 18안타로 13점을 뽑았다. 신시내티 에이스 소니 그레이를 ⅔이닝(6실점) 만에 끌어내릴 정도로 엄청난 화력을 자랑했다.  세인트루이스 구단 SNS는 김광현의 투구 내용을 올리며 ""오늘(2일) 밤 득점 행진 속에서 (김광현을) 간과해서는 안 된다""고 평을 남겼다.  김광현은 지난달 18일부터 선발투수로 나서고 있다. 지난 3경기에서 1승, 15⅔이닝, 평균자책점 0.57을 기록하며 가능성을 증명했고, 9월 첫 경기에서도 호투하며 왜 그가 한국 좌완 에이스로 불렸는지 보여줬다.  이날 5이닝 무실점 투구로 김광현은 메이저리그에서 선발 등판한 4경기 평균자책점을 0.44까지 낮췄다. 메이저리그 통계 자료에 따르면 1913년 평균자책점이 공식 기록으로 인정된 이래 좌완 선발투수의 초반 4경기 평균자책점 역대 2위 기록이다. 1위는 1981년 내셔널리그 신인상과 사이영상 동시에 휩쓴 페르난도 발렌수엘라(당시 LA 다저스)로 평균자책점 0.25를 기록했다. 발렌수엘라는 그해 25경기에 선발 등판해 13승7패, 192⅓이닝, 평균자책점 2.48을 기록했다.  스포티비뉴스=김민경 기자",https://v.daum.net/v/20200902105243699
통합당 당명 '국민의힘' 90% 압도적 찬성..6개월만에 교체(종합)," (서울=뉴스1) 유경선 기자 = 미래통합당이 2일 새 당명 '국민의힘'을 확정지었다. 이로써 통합당은 지난 2월 중순 '미래통합당'으로 당명을 바꾼 지 6개월여 만에 새 간판을 달게 됐다.  이날 유튜브에서 온라인 비대면 방식으로 열린 통합당 전국위원회에서는 당명 개정안과 기본소득 및 정치개혁과제 등의 내용을 담은 정강·정책 개정안이 비상대책위원회에서 올린 원안대로 의결됐다. 당명 및 정강·정책 개정안과 함께 국민통합위원회·약자와의동행위원회 신설을 위한 당헌개정안 및 당원 규정 개정안도 함께 의결됐다. 투표는 이날 오전 11시부터 오후 3시까지 신종 코로나바이러스 감염증(코로나19) 방지를 위해 ARS 방식으로 진행됐다. 배준영 통합당 대변인은 ""전국위 투표 결과 당명 90% 찬성, 정강·정책 92% 찬성, 특위 설치 96% 찬성으로 가결됐다""고 설명했다. 투표는 전국위원 578을 대상으로 실시됐다.  당명 개정안이 전날(1일) 열린 상임전국위를 거쳐 이날 전국위까지 통과하면서 새 당명 '국민의힘'을 쓰기 위한 당내 절차는 마무리됐다. 전날 상임전국위에서는 상임전국위원 총원 46명 중 43명이 참여했고, 세 안건에 대해 찬성률이 모두 80% 이상이었다.   상임전국위에 앞서 열린 통합당 의원총회에서는 당명에 관해서는 대세를 거스를 정도의 큰 이견이 없었다.  다만 정강·정책 개정안 중 Δ국회의원 4선 연임 제한 Δ광역·기초의회 통폐합 ΔKBS 수신료 폐지 부분에서 이견이 표출돼 이를 재조정했다. 재조정 결과 통합당은 4선 연임 제한 문구를 빼고 정치개혁 관련 기구를 설치하는 것으로 내용을 일부 변경했다.  또 광역·기초의회 통폐합 조항은 삭제하되 '지방자치 개혁에 앞장선다'는 내용을 넣는 것으로 조정했다. KBS 수신료 폐지 부분은 '공영방송 등의 사장에 대한 대통령 임면권을 폐지하고, TV 수신료의 강제 통합징수를 함께 한다'고 '강제'라는 단어를 추가해 구체화했다. 주호영 통합당 원내대표는 4선 연임 제한 조항이 정강·정책에서 빠진 것과 관련해 이날 라디오 방송에서 ""헌법에 국회의원 임기 제한 규정이 없어 위헌 소지가 있다는 입법조사처 의견이 있다""고 설명했다.  통합당이 당명을 '국민의힘'으로 바꾸는 데 뜻을 모으면서 김종인 비상대책위원장 취임 이후 박차를 가해왔던 중도층으로의 외연 확장 작업에도 한층 힘이 붙을 것으로 보인다. 김 위원장은 새 당명이 공개된 지난 8월31일 ""이념적인 측면에서 당명을 이야기할 필요가 없다""고 탈이념을 강조하면서 ""'국민'이라는 단어가 우리나라 헌법 정신에도 합당하지 않나 생각한다""고 말했다.  이날 전국위에서서도 김 위원장은 ""우리 당은 탄핵의 아픔을 겪고 선거에서 잇달아 패배하며 당 존립마저 위협받는 처지에서 변화와 혁신 과정에 있다""며 변화의 당위성을 재차 강조했다. 이어 ""시대 변화에 뒤처진 정당, 기득권 옹호와 이념에 치우친 정당이라는 부정적인 이미지가 강하다""며 ""이제 시대의 변화를 선도하고 국민과 호흡하는 정당으로 거듭나야 한다""고 역설했다. 또 ""약자와 동행하며 국민 통합에 앞장서는 정당으로 체질을 바꾸겠다""며 새 이름인 '국민의힘'에 힘을 실었다.  통합당의 새 당명은 중앙선거관리위원회에서 당명 변경을 허가해 등록증을 발부하면 확정된다. 통합당은 지난 8월31일 선관위에 당명 변경을 신청했다. 선관위 관계자는 ""당명 변경 신청 접수 후 업무일 기준 7일 이내 처리가 원칙""이라며 ""서류 등 보완사항이 없으면 7일 이내에 처리될 예정이고, 결과는 선관위 홈페이지에 게재될 예정""이라고 설명했다.   kaysa@news1.kr ",https://v.daum.net/v/20200902160205652
서울서 '헬스장·탁구장' 감염 봇물..강남 아파트서도 6명 확진(종합)," (서울=뉴스1) 김태환 기자,음상준 기자,이형진 기자 = 국내 신종 코로나바이러스 감염증(코로나19) 집단감염이 전국적으로 지속되고 있다. 특히 서울에서는 지난주부터 헬스장, 탁구장 등 3건의 실내체육시설을 중심으로 감염경로를 알 수 없는 집단발생 사례가 나타났다. 2일 질병관리본부 중앙방역대책본부에 따르면 이날 낮 12시 기준 환자가 발생한 국내 집단감염 사례는 Δ성북구 사랑제일교회 관련 Δ8.15서울도심집회 Δ영등포 권능교회 Δ동작구 진흥글로벌 Δ광진구 혜민병원 Δ노원구 브니엘기도원 Δ성북구 케어윌요양원 등 총 16건이다. 먼저 서울 도봉구 메이트휘트니스에서는 8월 27일 첫 확진자 발생 이후 시설 이용자 전수검사 결과, 7명이 추가 확진 판정을 받았다. 감염자는 피트니스 이용자 5명, 이들의 가족 등 추가 전파 3명으로 총 8명이다. 동대문구 SK탁구클럽에서도 8월 28일첫 확진자가 발생한 후 접촉자 조사 중 7명이 추가 확진됐다. 탁구장 이용자는 7명이고, 추가 전파된 가족은 1명으로 밝혀졌다. 또 중랑구 참피온 탁구장에서도 8월 29일 확진자 발생후 접촉자 조사 중 4명이 추가 확진됐다. ◇종교시설 관련 집단감염 지속…환자 계속 나와 종교시설 관련 확진도 계속됐다. 서울 영등포구 권능교회 관련 확진자는 4명 증가한 38명을 기록했고, 서울 노원구 브니엘기도원에서는 8월 28일 첫 확진자 발생 이후 총 8명이 감염된 것으로 나타났다. 경기 용인 새빛교회 관련 확진자도 총 18명으로 전날 낮 12시 대비 3명 증가했다. 이들은 교인 및 가족 2명과 확진자가 방문한 제주산방산탄산온천 관련 1명이다. 현재까지 온천 관련 확진자는 7명에 달한다. 지난 8월 15일과 16일 양일간 열린 인천 계양구 기도모임 관련 확진자도 총 21명으로 기록됐다. 21일 확진자 발생 이후 접촉자 조사 중 20명이 새로 드러난 결과다. 감염경로는 아직 조사 중에 있다. 대전 대덕구 순복음대전우리교회 관련 확진자는 14명으로 나타났다. 8월 25일 첫 확진자 발생 이후 13명이 추가 감염된 것으로 밝혀졌다. 교인 12명, 가족 및 지인 2명이다. 이 교회 역시 감염경로는 아직 조사 중이다. ◇강남 아파트에서도 6명 확진…코로나19 안전한 곳 없어 서울 강남구 수서1단지아파트에서는 28일 아파트 근무자인 확진자 1명이 발생한 이후 5명에게서 추가 감염 사실이 드러났다. 현재까지 누적 확진자는 총 6명이며, 아파트 근무자 2명, 주민 4명으로 구성된다. 감염경로는 조사 중이다. 동작구 진흥글로벌 관련 누적 확진자는 총 10명을 기록했다. 26일 첫 확진자 발생 이후 접촉자 조사 중 9명이 추가 확진됐다. 이들 9명은 지표 환자를 포함한 직원 및 사무실 방문자가 8명이며 추가 전파 가족이 2명이다. 이들의 감염 경로는 조사 중이다. 광진구 혜민병원에서도 31일 의료진 내 첫 확진자 발생 후 접촉자 조사 중 9명이 추가 확진 판정을 받았다. 누적 확진자는 10명으로 간호사 4명, 의사 1명, 간호조무사 3명, 병원직원 1명, 직원 가족 1명이다. 감염 위험요인은 28일 확진자와의 저녁식사 모임이 추정된다. 경기 광명시 나눔누리터에서는 자가격리자 가운데 2명의 관련 확진자가 발생했다. 누적 확진자는 17명이다. 또 시흥시 음악학원 관려 확진자는 20명으로 접촉자 조사 중 2명의 신규 확진이 추가됐다. call@news1.kr ",https://v.daum.net/v/20200902143731668
"태풍 '마이삭', 초속 45m 제주 접근..새벽 경남·북 강타(종합)"," [서울=뉴시스] 이기상 기자 = 2일 오후에 들어서면서 제9호 태풍 '마이삭'(MAYSAK)이 한반도에 더욱 근접, 제주 외에 전남과 경남을 비롯해 대구와 전북·경북 일부 지역까지 태풍특보가 확대됐다.  이날 기상청에 따르면 태풍 마이삭은 오후 2시 기준 서귀포 남쪽 약 240㎞ 해상을 시속 23㎞로 북진 중이다. 태풍의 중심기압은 945헥토파스칼(h㎩), 최대풍속은 초속 45m다. 오전 8시에 태풍 중심기압이 940h㎩, 최대풍속 47m/s였던데 비해 약간 약해졌지만 큰 차이는 없는 상황이다. 기상청은 오후 6시께 태풍 마이삭이 서귀포 동남동쪽 약 130㎞ 부근 해상을 지나 3일 오전 0시께 부산 남서쪽 약 80㎞ 부근 해상까지 진출할 것으로 내다봤다. 태풍이 빠르게 북상함에 따라 태풍특보가 발효된 지역도 늘어났다. 오후 3시부터 대구, 전라북도(고창군, 부안군, 장수군, 임실군, 순창군, 정읍시, 남원시), 경상북도(영천시, 경산시, 청도군, 고령군, 성주군, 김천시, 포항시, 경주시), 경상남도(함양군, 거창군, 합천군)에 태풍주의보가 새롭게 발효됐다. 오후 2시부터는 광주, 부산, 울산과 함께 전라남도(담양군, 곡성군, 구례군, 장성군, 광양시, 함평군, 영광군), 경상남도(양산시, 창원시, 김해시, 밀양시, 의령군, 함안군, 창녕군, 진주시, 하동군, 산청군, 통영시, 사천시, 거제시, 고성군), 동해남부앞바다, 동해남부남쪽먼바다, 서해남부앞바다, 남해동부앞바다 등에 태풍주의보가 발효됐다.    앞서 낮 12시에는 전라남도(나주시·화순군·고흥군·보성군·여수시·순천시·장흥군·강진군·해남군·완도군·영암군·무안군·목포시·신안군·진도군), 흑산도, 홍도, 경상남도(남해군) 등에는 태풍주의보가 발효된 바 있다.  태풍경보도 전라남도(거문도·초도), 제주도(추자도), 서해남부남쪽먼바다와 제주도(산지·동부·서부·북부·남부), 남해동부먼바다, 남해서부먼바다, 제주도앞바다 등에 발효돼 있다.  이날 오후 현재 제주도와 남해안 일부 지역에는 최대순간풍속 약 90㎞/h(약 25m/s)의 강풍이 불고 있다. 오전 0시부터 오후 2시까지 주요지점 최대순간풍속은 지귀도(서귀포) 28.2m/s, 새별오름(제주) 27.4m/s, 제주 27.2m/s, 윗세오름(제주) 25m/s, 간여암(여수) 23.1m/s로 측정됐다. 제주도와 일부 전라남도, 경상남도에는 태풍특보가, 경상북도와 일부 강원도에는 호우주의보가 발효 중이다. 이들 지역에는 시간당 20~40㎜ 이상의 강한 비가 내리는 곳이 있겠다. 100㎜ 이상 많은 비가 내린 지역도 있다. 제주도 사제비 지역에는 이날 오전 0시부터 오후 2시까지 180.5㎜의 비가 내렸다. 이 밖의 경기도 중면(연천) 82.5㎜, 강원도 궁촌(삼척) 52.5㎜, 경상도 삼가(합천)에 62.5㎜의 비가 왔다.  기상청은 오는 3일까지 전국이 태풍의 영향권에 들어 매우 강한 바람과 많은 비가 내릴 것으로 보고, 시설물 관리와 안전사고에 각별히 유의해달라고 당부했다. ☞공감언론 뉴시스 wakeup@newsis.com ",https://v.daum.net/v/20200902155443339
"코로나19 확진 임신부 일산병원서 출산..""산모·여아 건강""","(고양=연합뉴스) 노승혁 기자 = 신종 코로나바이러스 감염증(코로나19) 확진 판정을 받고 치료 중인 임신부가 2일 국민건강보험 일산병원에서 아이를 무사히 출산했다.  일산병원은 코로나19 확진 판정을 받은 30대가 이날 낮 3.2㎏ 여아를 제왕절개로 출산했다고 밝혔다. 산모는 임신 39주 3일 만에 출산했고, 모녀 모두 건강한 상태라고 병원 측은 설명했다. 산모는 지난달 코로나19 확진을 받은 후 같은 달 13일 일산병원에 입원, 치료를 받아왔다. 의료진은 이날 정오께부터 1시간가량 음압시설이 갖춰진 수술실에서 수술을 진행했으며, 출산 후 산모는 음압 병동에 옮겨져 회복 중이다. 병원 측은 신생아를 상대로 코로나19 검사에 들어갔다. 앞서 올해 3월 대구에서도 코로나19 확진 판정을 받은 임신부가 출산했으며 신생아는 진단 검사에서 음성 판정을 받은 바 있다. nsh@yna.co.kr",https://v.daum.net/v/20200902145020242
"[속보]경찰, 전광훈 사랑제일교회 목사 사택 등 압수수색","[경향신문]   경찰이 전광훈 사랑제일교회 담임목사 사택 등을 압수수색 중이다. 서울지방경찰청 지능범죄수사대는 2일 오후 4시30분부터 감염병의 예방 및 관리에 관한 법률 위반 혐의와 관련해 사랑제일교회 사택 등 4개소에 대한 압수수색을 진행 중이라고 밝혔다. 전 목사는 서울 성북구 사랑제일교회 집단 감염 발생 후 교인 등 조사대상 명단을 일부 누락·은폐한 채 제출해 역학조사를 방해한 혐의를 받는다. 그는 방역당국의 자가격리 조치를 어기고 광복절 서울 도심 집회에 참여한 혐의도 적용 받는다. 중앙사고수습본부와 서울시는 지난달 16일 전 목사와 사랑제일교회 관계자들을 경찰에 고발했다. 전 목사는 다음날인 17일 코로나19 확진 판정을 받고 서울의료원에 이송됐다. 경찰은 지난달 21일 교인 명단 확보를 위해 사랑제일교회를 4시간 20분에 걸쳐 압수수색했다. 경찰은 교회 내 PC에 저장된 교인 관련 자료에 관한 디지털포렌식 작업을 진행했다. 경찰 관계자는 “지난 압수수색으로 확보된 압수물 분석 결과, 추가 자료 확보 필요성이 있어 압수수색을 실시하게 된 것”이라며 “국민의 안전을 위협하는 방역 방해행위에 대해서는 엄정하고 신속하게 수사를 진행할 예정”이라고 했다. 이보라 기자 purple@kyunghyang.com",https://v.daum.net/v/20200902164347497
"문대통령 ""파업 의사들 짐까지 떠맡은 간호사 헌신에 감사"""," (서울=연합뉴스) 박경준 기자 = 문재인 대통령은 2일 ""전공의 등 의사들이 떠난 의료 현장을 묵묵히 지키고 있는 간호사분들을 위로하며 그 헌신과 노고에 깊은 감사와 존경의 마음을 드린다""고 밝혔다. 문 대통령은 이날 트위터에 올린 글에 ""코로나19(신종 코로나바이러스 감염증)와 장시간 사투를 벌이느라 힘들고 어려울 텐데, 장기간 파업하는 의사들의 짐까지 떠맡아야 하는 상황이 얼마나 어려우신가""라며 이같이 적었다. 문 대통령은 ""진료 공백으로 환자 불편이 커진 탓에 비난과 폭언도 감당해야 하는 상황""이라며 ""열악한 근무환경과 가중된 업무 부담, 감정노동에까지 시달려야 하는 간호사분들을 생각하니 매우 안타까운 심정""이라고 언급했다. 문 대통령은 ""용기를 잃지 말고 조금만 힘을 내어달라""면서 ""언제나 환자를 지키며 꿋꿋이 이겨내는 간호사분들 곁에는 항상 국민이 있다는 사실을 잊지 말아달라""고 말했다. 이어 ""정부는 간호 인력 확충, 근무환경 개선, 처우 개선 등 간호사분들의 어려움을 조금이라도 덜어드리는 일을 찾아 나서겠다""며 ""코로나19 방역 최일선에 있는 공공병원 간호인력 증원 등 당장 할 수 있는 일부터 신속히 하겠다""고 강조했다. 앞서 대한간호협회는 지난달 27일 성명에서 ""전공의들이 떠난 진료 현장에 남은 건 간호사들의 근무환경 악화""라며 ""코로나19 재확산이라는 위기에서 의료 현장을 떠난 것은 윤리적 의무를 저버린 행위""라고 의사들의 행태를 비판했다. kjpark@yna.co.kr",https://v.daum.net/v/20200902141413587
새끼들 돌보는 수컷 악어..올해의 야생동물 사진작가 후보작,"[서울신문 나우뉴스]  커다란 수컷 악어 한 마리가 몇십 마리에 달하는 새끼 악어를 등에 엎고 돌보는 모습을 담은 사진이 공개돼 화제다. 이 사진은 지난 1일(현지시간) 영국 자연사박물관이 2020년 ‘올해의 야생동물 사진작가’ 상의 후보작으로 공개한 작품들 중 하나다. 영국 자연사박물관에 따르면, 사진작가 드리트먼 무커르지가 인도 북부 우타르푸라데시주(州)에 있는 국립 참발 보호구역에서 가비알 악어 무리를 촬영하던 중 포착한 것이다.  흥미로운 점은 사진 속 성체 악어가 앞서 밝혔듯이 수컷이라는 것. 인도악어로도 알려진 가비알 악어의 성체 수컷은 툭 튀어나온 가늘고 긴 주둥이 끝에 둥근 옹기를 떠올리는 ‘가라’라는 것이 있어 외형적으로도 구분하기가 쉽다. 암컷의 몸길이는 보통 2.6~4.5 m이며, 수컷은 이보다 크게 자라 3m~6m까지 자랄 수 있다. 과거에는 7m 이상의 개체들도 상당수 존재했던 것으로 알려졌다. 사실 가비알 악어는 여러 마리의 암컷이 새끼들을 함께 돌보는 공동 육아를 채택하고 있는데 같은 무리의 수컷들이 육아에 동참하는 것으로 유명하다. 이는 악어 종 중에서는 유일한 경우다. 특히 우두머리 수컷은 육아에 적극적으로 참여한다. 심지어 이전 우두머리를 몰아내고 새로운 우두머리가 된 수컷 악어가 이전 우두머리가 돌보던 새끼들까지 그대로 돌본 사례도 있는 것으로 알려졌다. 올해의 야생동물 사진작가 상은 1964년부터 영국 자연사박물관이 매해 개최하고 있으며, 한해 3만 점이 넘는 출품작을 받는 세계 최대 규모의 사진 공모전이다. 올해의 수상작은 오는 10월 13일 발표될 예정이다. 윤태희 기자 th20022@seoul.co.kr",https://v.daum.net/v/20200902162602700
쿠팡서 아이폰X 등 2천만원어치 환불받고도 반품 안 한 30대," (인천=연합뉴스) 손현규 기자 = 전자상거래 인터넷 사이트인 쿠팡에서 휴대전화 등 2천여만원어치 물품을 산 뒤 환불받고도 반품을 하지 않은 30대 여성이 징역형의 집행유예를 선고받았다. 인천지법 형사6단독 김상우 판사는 사기 혐의로 기소된 A(34·여)씨에게 징역 8개월에 집행유예 2년을 선고하고 120시간의 사회봉사를 명령했다고 2일 밝혔다. A씨는 2018년 4월부터 같은 해 11월까지 쿠팡에서 산 휴대전화 아이폰X 등 2천여만원 상당의 물품을 반품할 것처럼 속여 221차례 가로챈 혐의로 기소됐다.  그는 반품 신청을 해 물품 대금을 곧바로 환불받고도 해당 물건을 반환하지 않은 것으로 조사됐다. 김 판사는 ""피고인은 전자상거래 업체의 반품·환불 정책을 악용해 반복적으로 수천만 원 상당의 물품을 가로챘다""며 ""죄질이 좋지 않다""고 판단했다. 그러나 ""범행을 인정하고 있고 초범""이라며 ""사회봉사 명령을 성실히 준수하는 조건으로 징역형의 집행을 유예한다""고 양형 이유를 밝혔다. son@yna.co.kr",https://v.daum.net/v/20200902154259818
[생생경제]사랑제일교회 옆 시장이라며 세균집단이라고 손님들 안 와..(장위전통시장상인)," ■ 방송 : YTN 라디오 FM 94.5 (15:10~16:00)  ■ 진행 : 김혜민 PD  ■ 대담 : 황기욱 장위전통시장 상인회 부회장  * 아래 텍스트는 실제 방송 내용과 차이가 있을 수 있으니 보다 정확한 내용은 방송으로 확인하시기 바랍니다.  [생생경제]사랑제일교회 옆 시장이라며 세균집단이라고 손님들 안 와..(장위전통시장상인)  ◇ 김혜민 PD(이하 김혜민)> 오늘 가장 뜨거운 경제뉴스를 제일 생생하게 전해드리는 시간입니다. 코로나19 확진 판정을 받아 입원 중이던 사랑제일교회 전광훈씨가 오늘 퇴원하자마자 정부의 방역실패를 비판하는 기자회견을 열었습니다. 정부 사기극 실패했다면서 목숨을 던지겠다는데요. 사랑제일교회 때문에 생계에 위협을 받는 분들도 있고, 국민들은 코로나19의 위협으로 고통 받고 있는 상황인데 이해가 안 갑니다. 무엇보다 사랑제일교회 주변 상인분들의 고통이 말로 다할 수 없다고 합니다. 이분들이 오늘 기자회견을 열었는데요. 장위전통시장 상인회 황기욱 부회장 전화 연결됐습니다.  ◆ 황기욱 장위전통시장 상인회 부회장(이하 황기욱)> 네. 안녕하세요.  ◇ 김혜민> 부회장님, 지금 어떤 가게를 하고 계세요?  ◆ 황기욱> 건어물 가게를 하고 있습니다.  ◇ 김혜민> 몇 년 정도 되셨어요?  ◆ 황기욱> 2010년 정도에 해서, 한 10년 정도 운영을 하고 있습니다.  ◇ 김혜민> 사랑제일교회로부터 거리는 어느 정도 됩니까, 상점이?  ◆ 황기욱> 한 저희 시장으로 150M~200M 정도 됩니다.  ◇ 김혜민> 그래도 꽤 가까운 거리네요. 지금 사랑제일교회 인근에 장위전통시장이 있는데, 장위전통시장이 굉장히 크고 그리고 전통을 자랑하는 시장이죠?  ◆ 황기욱> 네네.  ◇ 김혜민> 상인분들은 몇 분이나 계세요?  ◆ 황기욱> 상인회원은 60개 점포의 110명 정도 영업을 하고 있습니다.  ◇ 김혜민> 60개 점포의 110명 정도 상인분들은 계시고요. 지금 현재 상황이 어떻습니까? 영업을 하고는 계시죠?  ◆ 황기욱> 다들 지금 힘들어 하는데, 지금은 영업을 다 오늘 안 열 수가 없으니까, 생계가 달렸으니까. 다 문을 열고는 있습니다.  ◇ 김혜민> 어떻게 손님들이 있습니까?  ◆ 황기욱> 손님들이 지금은 거의 끊겼죠. 하루에 말 그대로 열분 정도 만나보기도 힘듭니다.  ◇ 김혜민> 부회장님, 죄송스러운 말씀이지만, 어제는 매출이 어떠셨어요?  ◆ 황기욱> 어제 저희 카드 매출이 17만 5천 원입니다. 이래갖고 밥도 못 먹고 삽니다.  ◇ 김혜민> 그러게요. 보통 때하고 비교해보면 거의 90%이상 매출이 감소됐다고 할 수 있을까요?  ◆ 황기욱> 그렇죠.  ◇ 김혜민> 사실은 코로나19로 안 어려운 상인들이 없잖아요. 다 어렵고, 그리고 몇 달 전부터는 재개발 문제 때문에 사랑제일교회 주변이 시끄러워서 상인분들이 그때부터 사실 힘들었다고 하는데 맞습니까?  ◆ 황기욱> 좀 힘들었죠. 어떻게든 빨리 전광훈 목사 사랑제일교회가 나갔으면 하는데, 그때부터 집회한 일부 인원들이 많이 들어와서, 일부 인원들 때문에 저희가 좀 많이 고민을 했습니다.  ◇ 김혜민> 혹시 사랑제일교회측에 항의도 해보셨어요, 상인분들이?  ◆ 황기욱> 항의는 저희가 특별히 한 거는 없어요.  ◇ 김혜민> 그러면은, 계속해서 상인들이 코로나19로 힘든 상황이었지만, 아무래도 8.15 집회 이후에 사랑제일교회가 주목받으면서 더 힘드시지 않았을까라는 생각이 드는데 어떻습니까?  ◆ 황기욱> 그전에는 국가에서 재난카드가 나와서 손님들이 좀 많았는데, 사랑제일교회 8.15 집회 이후 확진자가 나옴으로써 손님들이 장위동을 아예 기피하는 현상까지 일어났습니다. 그래서 아주 많이 끊겼어요. 아예 끊겼다고 보면 됩니다.  ◇ 김혜민> 그리고 상인분들도 생계 때문에 어쩔 수 없이 문을 열긴 하지만, 본인들도 되게 불안하실 거 아니에요.  ◆ 황기욱> 그렇죠. 저희도 불안해서 항상 마스크 쓰고, 방역도 열심히 하고 있습니다.  ◇ 김혜민> 오늘 전광훈 목사 기자회견 했다는데, 혹시 기자회견 보셨어요?  ◆ 황기욱> 제가 바빠가지고 그거는 보지를 못했습니다.  ◇ 김혜민> 제가 앞서 기자회견 내용을 좀 전달을 해드렸지만, '앞으로도 목숨을 걸겠다' 지금 이렇게 나오고 있는데 어떠세요? 이런 반응을 보면?  ◆ 황기욱> 근데 사랑제일교회 목사님들도 나라에 대해서 자기네들 힘든 것만 얘기하지, 주변 지역 상권에 대해서는 얘기 하나도 안 하잖아요.  ◇ 김혜민> 사과도 안 했죠?  ◆ 황기욱> 네. 사과도 안 했죠. 자기네들 주장만 하고, 저희들은 아예 아무 그것도 없으니까 저희가 이런 소송을 하게 된 거죠.  ◇ 김혜민> 평소에 전광훈씨가 자기들은 방역에 엄청 협조했다, 그리고 엄청 애썼다 이러는데 사랑제일교회 주변에 계신 상인분들이 뭐 잘 목격하셨을 테니까, 주변에 보시긴 좀 어떠셨어요?  ◆ 황기욱> 모르죠. 그 안에는 방역을 했을지 몰라도 밖으로는 사랑제일교회에서 방역 한다는 걸 못 봤죠.  ◇ 김혜민> 주일날도 계속 예배 드렸고?  ◆ 황기욱> 네. 동사무소에서 방역하는 거나 구청에서 방역하는 거나 그런 거밖에 없었죠.  ◇ 김혜민> 그렇군요.  ◆ 황기욱> 주일날 오면 다 동사무소나 구청에서 와서 방역을 하니까.  ◇ 김혜민> 방역하고 몸싸움도 보도에 많이 났던데. 그런 협조는 잘 됐었나요?  ◆ 황기욱> 협조는 그쪽으론 저희가 잘 안 가서 몸싸움 난 것도 뉴스를 통해서 봤지, 특별히 본 거는 없습니다.  ◇ 김혜민> 그러니까 자꾸 그런 안 좋은 모습들이 보도에 나오니..  ◆ 황기욱> 안 좋은 모습만 계속 비취니까 사람들이 더욱더 안 나오는 거죠.  ◇ 김혜민> 시장이라는 거는 일상을 사는 장소인데, 그렇게 안 좋은 모습들이 나오고, 거기다 위험하다하니 사람들 참 가기가 힘들죠. 그러니 상점 하시는 분들 얼마나 힘드시겠어요. 그래서 상인분들이 지금 사랑제일교회를 상대로 소송을 하시기로 하셨어요. 손해배상청구 소송인데, 몇 분 정도 참여하셨습니까?  ◆ 황기욱> 일단 저희 전통시장회원 100%는 다 했고요. 인근 지역 소상공인에서 80~90개 점포가 참여한다고 계속 말하고 있습니다.  ◇ 김혜민> 아마 더 좀 늘어나겠네요. 참여하는 분들이.  ◆ 황기욱> 오늘도 많이 오셔서 더 늘어날 것 같습니다.  ◇ 김혜민> 제일 속상한 게 뭐예요? 부회장님?  ◆ 황기욱> 가장 속상한 점은 코로나19로 인해 장사가 안 되는데, 사랑제일교회가 옆에 있다는 이유로 더 손님들이 감소하여 장사가 더 어려워지고 있죠. 그러니까 저희 시장은 사랑제일교회 옆에 있다는 것만으로도 외부에서도 그래요 '저 시장은 가면 안 된다, 저 시장은 다 세균 집단이다' 그렇게 퍼지니까 더욱더 힘들죠.  ◇ 김혜민> 자식들도 부모들한테 위험하니까 가지 말라고 한다면서요?  ◆ 황기욱> 그렇죠. 저희도 이제 그런 말을 많이 들어요. 손님들 오면, 안 나오시다 일주일에 한 번 나오면, 손님들께서 집에서 아예 못 나가게 하니까 어쩔 수 없이 이렇게 한 번씩 나온다고, 그런 말 많이 하죠.  ◇ 김혜민> 사랑제일교회에 좀 바라는 점이 있다면 상인들 대표로 좀 말씀 좀 해주세요.  ◆ 황기욱> 지금도 이제 코로나19가 확산이 안 잡히고 있는데, 이렇게 지금 다들 전 국민이 고생하고 있는데, 집단 예배나 집회를 안 했으면 좋겠습니다.  ◇ 김혜민> 계속 할 것 같던데. 목숨을 던지겠다고 하는 거 보니까요.  ◆ 황기욱> 그러니까요. 저희가 바라는 점은 집회 좀 안 했으면 좋겠고, 이 지역에서 어차피 그렇게 액션을 취하면 TV 방송 매체들이 전부 다 성북구 사랑제일교회를 보도하니까, TV에 나올 때마다 저희 시장은 타격이 큰 거예요. 지금.  ◇ 김혜민> 속상하시겠어요. 그러면 성북구청이나 아니면 서울시에도 바라는 게 있으세요?  ◆ 황기욱> 성북구청이나 서울시에 바라는 점은 저희가 특별하게 많이 바라는 건 없고, 재난지역으로 선포를 해주셨으면 좋겠습니다. 많은 보상이 아니라 조금이라도 저희가 힘든 것을 상인들한테 성북구에서 지원을 한다 그런 식으로 해줬으면 좋겠습니다.  ◇ 김혜민> 지금 사단법인 평화나무에서 장위전통시장 상인회와 소상공인들과 함께 전광훈씨가 있는 사랑제일교회를 대상으로 손해배상청구 소송에 나서고 있습니다. 부회장님, 우리 지역 주민분들과 시민분들께 한 말씀 해주시겠어요?  ◆ 황기욱> 저희 장위전통시장의 상인들은 모두 방역을 열심히 하고 있고요. 다들 마스크를 쓰고 매일 저희 임원분들께서 방역을 하고 있습니다. 그러니 안전하니까 많이들 이용해주셨으면 감사하겠습니다.  ◇ 김혜민> 부회장님, 힘내시고요.  ◆ 황기욱> 네. 수고하셨습니다.  ◇ 김혜민> 네. 고맙습니다. 지금까지 장위전통시장 상인회 황기욱 부회장과 함께 했습니다. ",https://v.daum.net/v/20200902154315832
"박애리 ""팝핀현준 자동차 욕심? 집안 경제에 무리 안 줘"" (김혜영과 함께)","  [뉴스엔 박은해 기자] 박애리가 남편 팝핀현준에 대한 애정을 드러냈다. 9월 2일 방송된 KBS 2Radio '김혜영과 함께'에는 팝핀현준 아내 국악인 박애리가 게스트로 출연했다. 이날 ""팝핀현준 씨가 자동차 욕심 아직 많으신가요?""라는 청취자 질문에 박애리는 ""남편이 알뜰살뜰한 성격인데 어렸을 때 자동차 장난감을 좋아하더니 자동차에 관심이 많다""며 ""집안 경제에 무리 주지 않게 아내 말 잘 듣는 남편으로 지내고 있다""고 답했다. 이어 박애리는 ""오늘은 남편이 다른 일정이 있어서 함께 못 왔는데, 코로나19가 좀 괜찮아 지면 남편 앞세우고 인사드리러 오겠다""고 말했다. (사진=KBS 2Radio '김혜영과 함께' 보이는 라디오) 뉴스엔 박은해 peh@ 기사제보 및 보도자료 newsen@newsen.com copyrightⓒ 뉴스엔. 무단전재 & 재배포 금지 ",https://v.daum.net/v/20200902154109697
"[단독]통합당, 당무감사 앞두고 황교안 '당협위원장→조직위원장' 정정"," 앞선 1일 통합당 조직국은 홈페이지에 잘못 게재된 황 전 대표의 직함에 대해 “홈페이지에 따로 ‘조직위원장’ 메뉴가 없어서 ‘당협위원장’으로 올라가 있다”고 해명했다. 이후 하루 만에 황 전 대표 이름 옆에 ‘조직위원장’이라고 했다. 총선 이후 5개월가량 ‘당협위원장’이라 표시한 직함이 당무감사를 앞둔 시점에 돌연 바뀐 것에 대한 답변은 연락이 닿지 않아 들을 수 없었다.  황 전 대표는 그간 종로에서 조직위원장과 당협위원장 사이의 애매한 위치에서 활동해왔다. 정치 거물급만 도전장을 내미는 ‘정치 1번지’ 종로는 자유한국당 시절부터 당협위원장이 공석인 지역이다. 이에 황 전 대표는 낙선 후 따로 당협위원장 선출을 거치지 않고 조직위원장으로 종로에 남아 장학재단을 추진하는 등 지역 활동을 이어갔다.  통합당은 그런 황 전 대표에게 당협위원장급 대우를 해왔다. 통합당에서는 “통상적으로 말할 때는 (황 전 대표를) 당협위원장으로 부른다”면서도 “정확한 명칭은 조직위원장이 맞다”고 밝혔다. 같은 서울시당 당직자는 황 전 대표가 당협위원장으로 ‘승격됐다’고 표현했다. 실제로 황 전 대표는 원외 당협위원장 오찬 모임에 초청되고 비공식적인 내부 회의에 참석할 수 있었다. 다만 정식으로 선출된 당협위원장이 아닌 탓에 그는 전국위원회와 같은 공식적인 당 행사에 참여할 수 없고, 공천관리위원회에 기초의원이나 광역의원을 추천할 권한이 없다.  황 전 대표가 당협위원장에 공식적으로 오르기 위해서는 당무 감사 면접을 봐야 한다. 통합당 관계자는 “황 전 대표가 종로에 남아 있고 면접을 볼 것으로 보고 있다”고 예상했다.  그러나 통합당 입장에서는 당 지도부에서 이미 ‘강경보수’ 세력과 선을 그은 가운데 황 전 대표의 당무감사가 난감한 상황이다. 황 전 대표는 최근 광복절 집회 이후 불거진 소위 ‘전광훈 리스크’를 당에 떠안기고 총선에서 참패했다. 하지만 동시에 유승민 전 의원 등 뿔뿔이 흩어진 보수진영을 통합하고, 삼고초려 끝에 김 위원장의 당 영입을 성사시켰다. 무엇보다 김 위원장이 자신을 당에 영입한데다 여전히 대선 주자에 이름을 올린 황 전 대표를 당무 감사를 통해 물갈이하기 어려울 것이라는 전망도 나온다. /김혜린기자 rin@sedaily.com",https://v.daum.net/v/20200902141139496
조국 '딸이 세브란스 인턴 요구' 보도 조선일보 기자들에 소송," (서울=연합뉴스) 황재하 기자 = 조국 전 법무부 장관이 자신의 딸과 관련한 의혹을 보도했던 조선일보 관계자들을 상대로 수억원대 손해배상 소송을 냈다. 조 전 장관 측은 2일 보도자료에서 ""딸에 관한 조선일보의 올해 8월 28일자 세브란스병원 방문 관련 허위 기사에 민사상 책임을 묻기 위해 소송을 냈다""고 밝혔다. 소장은 이날 서울중앙지법에 제출됐으며 담당 재판부는 아직 정해지지 않았다. 조 전 장관이 문제 삼은 기사는 '세브란스병원 피부과 일방적으로 찾아가 ""조국 딸이다, 의사고시 후 여기서 인턴하고 싶다""'라는 제목의 기사다. 이 기사는 조 전 장관 딸이 지난달 26일 신촌세브란스병원 피부과를 찾아가 과장급 교수를 만나 ""의사국가 고시 합격 후 인턴 전공의 과정에 지원하고 싶다""는 뜻을 밝혔다는 내용이다. 복수의 연세대 의료원 고위 관계자를 인용한 이 기사에는 조 전 장관 딸이 일방적으로 병원을 방문해 면담이 이뤄졌으며 자신을 '조국 딸'이라고 밝혔다는 내용도 담겼다. 보도 직후 조 전 장관은 사회관계망서비스(SNS)를 통해 ""완벽한 허위 기사""라고 반박했고, 조선일보는 지난달 29일 지면에서 ""사실관계 확인을 충분히 거치지 않은 부정확한 기사였다""고 사과했다. 조 전 장관 측은 기사를 쓴 기자 2명에게 1인당 1억 5천만원, 사회부장과 편집부장에게 1인당 5천만원씩 총 4억원을 청구했다. 아울러 ""조 전 장관 딸은 세브란스 병원 그 누구에게도 (기사 내용과 같은) 부탁이나 요청을 말한 사실이 없고, 8월 25∼26일 지금 거주하는 양산에 있었다""고 주장했다. 조 전 장관은 민사 소송에 앞서 조선일보 관계자들을 출판물에 의한 명예훼손 혐의로 고소했다고 밝혔다. 아울러 유튜브에서 기사 내용을 언급한 강용석 변호사도 정보통신망법 위반 혐의로 고소한 상태다. jaeh@yna.co.kr",https://v.daum.net/v/20200902163119952
"시험대 오른 기상청 ""태풍 '마이삭' 상륙지점, 부산·거제 사이"" 美·日 ""더 서쪽""(종합)","[서울신문]기상청 “태풍 ‘매미’와 경로 가장 비슷”美 기상청, 2002년 ‘루사’ 경로 예보기상청 “기상청 시나리오대로 갈 것”  기상청이 제9호 태풍 ‘마이삭’의 이동 경로를 놓고 다시 한번 예보 신뢰도가 시험대에 올랐다. 기상청은 앞서 역대 최장기간 장마와 직전 태풍 ‘바비’ 예보가 다소 엇나가면서 질타를 받았다. 특히 기상청과 해외 주요 기관의 마이삭 이동경로가 차이가 나면서 어느 쪽이 맞을지 관심이 쏠리고 있다. 기상청은 마이삭이 2일 저녁 제주도 동쪽 해상을 지나 하루 뒤인 3일 새벽 경남 남해안에 도착해 동쪽 지방을 거쳐 같은 날 아침 동해 중부 해상으로 빠져나갈 것으로 분석했다. 이후 태풍은 북한에 다시 상륙한 뒤 중국 청진 서북서쪽 육상으로 올라가 점차 소멸하겠다고 전망했다. 우리나라에 상륙하는 구체적인 지점은 거제에서 부산 사이로 예측했다. 이대로 간다면 마이삭은 기상청이 말한대로 역대 2위의 재산 피해를 낳은 2003년 태풍 ‘매미’와 유사한 경로를 밟게 된다. 기상청은 전날 브리핑에서 마이삭의 예상 이동 경로는 역대 2위의 재산 피해를 낳은 2003년 태풍 ‘매미’와 가장 비슷하고, 직전에 발생한 제8호 태풍 ‘바비’보다 셀 가능성이 있다고 예측했다. 마이삭은 이날 오전 11시 현재 제주 서귀포 남쪽 약 310㎞ 해상에서 시속 19㎞로 북진하고 있다.  美예보 “한국 중앙 관통할 것” 태풍 ‘매미’ 아닌 ‘루사’ 경로 日기상청 “전남과 경남 사이로 상륙” 하지만 미국, 일본 등 해외 주요 기상 관련 기관은 기상청보다 약간 서쪽으로 더 치우친 경로를 예보했다. 미국태풍경보센터(JTWC)가 1일 오후 9시(현지시간) 발표한 마이삭의 예상 이동경로를 보면 여수와 남해 사이로 들어오는 것으로 돼 있다. JTWC는 이후 마이삭이 우리나라 ‘중앙’을 관통해 북한을 거쳐 중국으로 올라갈 것으로 예상했다. 이는 역대 가장 많은 재산 피해를 초래한 2002년 태풍 ‘루사’에 더 가까운 경로로 주로 영남지역과 동해안 인근 도시를 지나는 기상청의 예상 경로와 달리 수도권이 직접적인 위험 반경에 들며 피해가 더 커질 수 있다. 또 일본 기상청은 이날 오전 9시 기준 예보에서 마이삭이 전남과 경남 사이로 들어와 동해안을 빠져나가는 경로를 예상했다. 우리나라 기상청과 JTWC 예측의 중간 정도가 된다.   기상청 “태풍 가장 강한 수준서 서편 가능성 약해” 해외 예보에 회의적 “경남 남해안 중 전남 해안에 더 가깝게 온다” 기상청은 전날 브리핑에서 “만약 태풍의 중심기압이 낮아지면서 강하게 발생할 경우 스스로 움직이면서 동진보다는 북진하는 성향이 커져서 경남 남해안 중 전남 해안 쪽에 보다 가깝게 상륙할 수 있다”고 설명했다. 하지만 “현재 태풍이 가장 강한 수준에 이르러 조금씩 약해지는 경향을 보이기 때문에 서편 가능성은 약하다”고 덧붙였다. 마이삭의 중심기압은 이날 오전 6시 기준 940h㎩이고 우리나라에 상륙할 즈음인 3일 오전 0시쯤에는 955h㎩로 높아질 전망이다. 서편 전망과는 반대로 태풍 북서쪽의 건조한 공기가 태풍을 보다 강하게 동쪽으로 밀어내면서 태풍이 오히려 조금 더 동편할 수도 있다. 기상청 관계자는 “현재로선 기상청의 시나리오대로 갈 것으로 예상한다”며 “다만 약간의 가능성은 열어놓고 실황을 바탕으로 추가 분석을 하고 있다”고 덧붙였다.   초속 40m 이상, 바위 날릴 세기강원·경상 동해안, 제주산지 400㎜ 비 기상청은 태풍의 세기가 이날 오전까지 매우 강한 수준을 유지하다가 오후 들어 초속 40m 전후의 강한 수준으로 다소 완화할 것으로 예상했다. 그러나 내륙에 상륙해 지나가는 만큼 우리나라에 미치는 영향은 상당할 수 있다. 마이삭으로 인한 예상 강수량은 강원 영동·경북 동해안·경남·전라 동부·제주도·울릉도·독도 100∼300㎜이다. 특히 강원 동해안·경상 동해안·제주도 산지에는 400㎜가 넘는 비가 쏟아질 전망이다. 예상 최대순간풍속은 제주도와 경상 해안 시속 108∼180㎞(초속 30∼50m), 강원 영동·남부지방(경상 해안과 전북 서부 제외) 시속 72∼144㎞(초속 20∼40m), 그 밖의 지방 시속 36∼108㎞(초속 10∼30m)다. 바람의 세기가 초속 40m가 넘으면 사람은 물론 큰 바위도 날려버리고 달리는 차도 뒤집어놓을 수 있다. 기상청은 “3일까지 전국이 태풍의 영향권에 들어 매우 강한 바람이 부니 시설물 관리와 안전사고에 각별히 유의해달라”고 강조했다.   강주리 기자 jurik@seoul.co.kr",https://v.daum.net/v/20200902123602570
"靑 ""공권력 살아있음을 보여주겠다"" 전광훈 '순교' 발언에 엄포"," 청와대는 2일 전광훈 사랑제일교회 목사가 정부의 방역조치를 '사기극'이라 표현하며 문재인 대통령을 비난한 것에 대해 공권력이 살아있다는 것을 보여주겠다고 밝혔다. 청와대 핵심 관계자는 이날 기자들과 만나 ""적반하장에도 정도가 있어야 한다""면서 이같이 말했다. 그는 ""사랑제일교회와 관련한 확진자가 이미 1000명 넘었다""면서 ""정부의 방역 조치에 협력은 고사하고 당치 않은 음모설을 퍼뜨리면서 훼방을 놓은 후폭풍과 그 피해는 어마어마하다""고 했다. 이어 ""사회적 거리두기가 강화되면서 선량한 국민은 가게의 문을 닫고 울거나 한숨 짓고 있다""며 ""이웃사랑을 실천해온 다른 목사님들도 막대한 피해를 받고 있다""고 했다. 그는 ""전광훈씨는 반성은 차치하고라도 최소한 미안한 심경이라도 가져야 할 것""이라고도 했다. 청와대 핵심 관계자는 그러면서 ""문재인 대통령께선 이미 '공권력이 살아있다는 것을 보여주라'고 지시한 바 있다""면서 ""이를 다시 한번 상기시켜드린다""고 강조했다. 한편 전광훈 목사는 이날 오전 서울 성북구 장위동 사랑제일교회 앞에서 기자회견을 열고 ""(정부가) '우한 바이러스' 전체를 우리(교회)에게 뒤집어씌워서 사기극을 펼치려 했으나 국민의 현명한 판단 덕분에 실패한 것""이라고 주장했다. 마스크를 쓴 채 밝은 표정으로 등장한 전 목사는 ""저와 저희 교회를 통해서 여러분께 많은 근심을 끼쳐드린 데 대해 죄송하다""고 말문을 연 뒤 6분가량에 걸친 발언 내내 문 대통령에 대한 비난을 쏟아냈다. 그는 ""저는 정치가·사회운동가가 아니라 한국 교회를 이끄는 선지자 중 하나""라며 ""한 달은 지켜보겠지만, 문 대통령이 국가 부정, 거짓 평화통일로 국민을 속이는 행위를 계속하면 한 달 뒤부터는 목숨을 던지겠다. 저는 순교할 각오가 돼 있다""고 주장했다. 김동표 기자 letmein@asiae.co.kr",https://v.daum.net/v/20200902145419451
"노영민 ""추미애, 검증서 장관 적격 판단..아들 의혹은 檢 수사"""," [서울=뉴시스] 홍지은 기자 = 노영민 대통령비서실장은 2일 추미애 법무부 장관 아들 의혹과 관련해 ""그 부분에 대해서는 서로 상이한 의견과 주장이 있다""며 ""현재 고발된 상태이기 때문에 검찰 수사에 의해 밝혀질 것""이라고 말했다.  노 실장은 이날 국회 운영위원회에서 '추 장관 아들 병역 의혹 등과 관련해 인사 검증 과정에서 추 장관을 장관 후보로 추천한 데 대해 할 말 없는가'라는 김도읍 국민의힘 의원 질의에 대해 이같이 답변했다.  그러면서 ""검증 과정에서 장관에 적격이라고 판단했다""고 전했다. 또 ""저희들은 공직기강비서관실에서 올라온 검증 결과를 놓고 판단한다""며 ""임명의 문제가 있었다면 인사 추천 위원장인 저의 불찰이다. 그렇지만 저희들은 (적격이) 맞다고 판단했다""고 언급했다. 노 실장은 김태흠 국민의힘 의원이 인사 검증의 부실함을 지적하자 ""7대 원천배제기준을 엄격하게 적용하고 있다""며 ""(이러한 기준을) 엄격하게 적용하고 있다""고 거듭 강조했다. ☞공감언론 뉴시스 rediu@newsis.com ",https://v.daum.net/v/20200902161338180
"미국 ""태풍 '마이삭', 한반도 관통""..기상청과 달리 예측"," [서울=뉴시스] 이기상 기자 = 제9호 태풍 '마이삭'(MAYSAK)이 제주도 서귀포 남쪽 해상에서 북상 중인 가운데, 한반도에 상륙하기 하루 전인 2일까지 우리나라와 미국, 일본의 태풍 경로 예측이 엇갈리고 있어 눈길을 끈다. 한반도 상공에 위치한 기압계와 태풍의 충돌 시나리오에 따라 변동성이 크기 때문이다.  기상청에 따르면 태풍 마이삭은 이날 오전 10시 기준 제주도 서귀포 남쪽 310㎞ 부근을 지나며 빠르게 북상 중이다. 기상청은 마이삭이 오는 3일 새벽 전후 경남해안에 상륙했다가 동쪽지방을 지나 동해안으로 빠져나간 뒤 북진하다가 북한에 상륙할 것으로 전망했다. 거제도와 부산 사이에 태풍이 상륙했다 동쪽지방을 지나 동해상으로 빠져나가는 경로다.  하지만 일본과 미국의 예보는 우리나라와 다소 차이가 있다. 일본 기상청의 경우 한반도 상륙 위치가 우리나라보다 조금 더 서쪽에 위치한다. 전라해안과 경남해안 사이로 태풍이 상륙한 뒤 우리나라 예측치보다 조금 더 한반도 내륙에 머물다 3일 오전 9시 전에 조금 더 북쪽에서 동해상으로 빠져나가 북상하는 시나리오다.  미국 합동태풍경보센터(JTWC)의 경우에는 일본보다도 태풍 경로를 더 서쪽으로 분석했다. 경남해안과 전라해안 사이에 있는 여수나 통영 쪽으로 태풍이 상륙한 뒤 한반도 내륙을 관통한다는 경로다. 미국 예측대로라면 태풍의 중심부가 우리나라 중심부를 거의 그대로 관통한다.    이처럼 미국과 일본, 그리고 우리나라 사이 태풍 예측 경로의 차이가 발생하는 이유는 현재 마이삭이 동쪽 고기압과 서쪽에 있는 신선건조한 기압골 사이에서 북진하면서 강도와 경로에 영향을 받고 있기 때문이다. 특히 서쪽에서 건조공기를 포함한 채 불어오는 북서풍이 태풍의 경로와 연관성이 크다.  기상청 관계자는 ""태풍이 북상할 때 서쪽에 있는 건조공기가 벽 역할을 하며 태풍 경로를 밀어낼 수도 있고, 태풍 하단부로 건조한 공기가 빨려 들어가 '저기압의 소용돌이'를 만들 수 있다""면서 ""단순히 밀어낼 때는 태풍이 동쪽으로 치우치겠지만, 저기압의 소용돌이가 형성되면 오히려 건조한 공기가 태풍을 감싸며 끌어와 서쪽으로 이동할 수 있다""고 설명했다.  저기압의 소용돌이 현상이 생기면 현재 북북동진하고 있는 태풍은 북진으로 방향을 바꿀 가능성이 크다. 현재 나라별 태풍 경로 예측의 차이가 생긴 이유는, 이런 저기압의 소용돌이 현상이 태풍 경로의 영향을 본격적으로 주는 시기를 다르게 분석하고 있기 때문이다.  JTWC는 저기압의 소용돌이 현상이 한반도 상륙 전부터 태풍 경로의 영향을 크게 줘 북진으로 방향을 바꾸며 한반도 내륙을 관통한다고 예측한다. 일본은 미국보다는 소용돌이 영향을 늦게 받는다고 분석했지만, 우리나라보다는 빨리 받는다고 분석해 마이삭이 한반도 내륙에 머무는 경로를 우리나라 기상청보다 길게 예측했다.   기상청은 마이삭의 세기 등을 고려해 저기압의 소용돌이가 태풍 경로에 영향을 미치는 시기를 미국이나 일본보다 더 늦게 잡았다. 때문에 북북동진하는 시기가 길어져 동쪽에 치우친 경남해안 상륙과 동해상으로 빠져나가는 경로 분석이 나왔다는 것이다.  기상청 관계자는 ""저기압 소용돌이 속도가 다소 느리고, 그래서 조금 더 늦게 태풍 경로의 영향을 미칠 것으로 본다""면서 ""마이삭이 우리나라 부산이나 경남 해안 쪽에 상륙해 빠져나갈 때 그런 현상이 벌어지면서, 태풍은 동해상을 따라 북진할 것으로 보인다""고 전했다.  나라별 태풍 경로 예측상 약간의 차이가 있기는 하지만, 그 정도가 크지 않아 어떤 시나리오든 우리나라가 받는 영향에는 큰 차이가 없을 것으로 보인다. 기상청 관계자는 ""태풍이 통영으로 들어오나, 거제도 통해 부산으로 들어오나 그 변화의 곡류는 50~100㎞ 정도""라고 전했다.  이어 ""앞으로 태풍의 눈이 점점 커지면서 우리나라의 한 시, 군, 구를 덮는 크기로 바뀔 것""이라면서 ""태풍 주변에 소용돌이 동반 구름대는 한반도 전역을 다 덮을 것으로 보인다""고 덧붙였다. 태풍 영향권이 넓기 때문에 경로보다 영향 대비가 더 중요하다는 취지다. ☞공감언론 뉴시스 wakeup@newsis.com ",https://v.daum.net/v/20200902112937844
태풍 마이삭에 제주 산지 시간당 100mm 물폭탄..초속 33m 강풍(종합),"(제주=연합뉴스) 고성식 기자 = 2일 오후 태풍 마이삭이 근접하는 제주에 최대 시간당 100㎜의 폭우가 쏟아졌다.  제주지방기상청은 태풍이 접근함에 따라 비구름대가 유입되고 산지의 지형적 특성이 더해져 한라산 영실 일대에 이날 오후 한때 시간당 100㎜ 이상의 강한 비가 내렸다고 밝혔다. 1일부터 이날 오후 4시까지 주요 지점 강수량은 한라산 사제비 325㎜, 윗세오름 300㎜, 제주시 한림읍 금악 134㎜ 등이다.  기상청은 3일까지 산지에 400㎜ 이상의 많은 비가 내리겠고 산지를 제외한 지역에도 100∼300㎜의 강수량을 보일 것으로 전망했다.  태풍 마이삭의 점차 접근하면서 제주 육상에 강풍도 몰아치고 있다.  이날 오후 1시 기준 주요 지점 최대 순간풍속(초속)은 서귀포시 지귀도 33.2ｍ, 제주시 28.4ｍ, 우도 29.9ｍ, 윗세오름 26ｍ 등이다.  기상청은 풍속 30ｍ의 경우 상가 간판이 날아가고 허술한 지붕 시설이 뜯어질 정도로 강한 바람이라고 설명했다.  기상청은 태풍 마이삭의 영향을 받는 3일 새벽까지 제주에 최대 순간풍속 30∼50ｍ의 강풍이 불 수 있다고 예보했다. 기상청은 제주도 모든 해상과 남해 서부 먼바다에 3일 낮까지 바람이 12~45ｍ로 강하게 불고 물결이 3∼12ｍ로 높게 일겠다고 예보했다.   기상청은 강풍으로 공사장 등의 시설물 파손과 농작물 낙과 피해가 발생할 수 있고 해상에서는 선박이나 양식장이 파손될 수 있다며 주의를 당부했다.  기상청은 이날 오후 10∼12시에 만조 시각과 겹쳐 태풍의 영향을 받으면서 해안가에 해일, 월파, 저지대 침수 등도 예상된다며 사고 예방에 유의를 바랐다.  이날 만조 예상 시각은 제주시 오후 11시 22분, 서귀포 오후 10시 26분, 성산포 오후 10시 22분, 대정읍 오후 11시 8분 등이다.  국립해양조사원은 제주에서 만조 시각 264∼297㎝가량 바닷물이 높아질 것으로 예상했다. 태풍 마이삭은 이날 낮 중심기압 945hPa(헥토파스칼), 중심 부근 최대풍속 초속 45ｍ로 서귀포 남쪽 약 240㎞ 부근 해상에서 시속 23㎞로 북진하고 있다.  태풍 마이삭은 이날 오후 6시께 서귀포 동남쪽 약 130㎞ 부근 해상을 지나 3일 0시 부산 남서쪽 약 80㎞ 부근 해상으로 이동할 것으로 예상된다.  기상청은 이날 오후 7시께 태풍 마이삭이 제주 육상에 가장 근접할 것으로 예측했다.  koss@yna.co.kr",https://v.daum.net/v/20200902161923471
'코로나19 확진' 한화 선수들 원룸서 고기 파티..반주도 곁들여," (서산=연합뉴스) 이은파 기자 = 신종 코로나바이러스 감염증(코로나19) 확진 판정을 받은 프로야구 한화이글스 선수들이 동료 선수들과 숙소에서 식사를 겸한 술자리를 했던 것으로 드러났다. 2일 충남 서산시에 따르면 한화이글스 투수 신정락과 육성군 투수 A씨가 지난달 28일 서산 2군 훈련장 인근 숙소인 원룸 옥상에서 동료 선수 5명과 함께 고기를 구워 먹으며 반주를 곁들였다.  서산 2군 훈련장에서 훈련하는 선수 중 60% 정도는 훈련장에 딸린 숙소에서 숙식하고, 나머지는 인근 원룸이나 오피스텔, 아파트를 임대해 생활한다. 신정락은 지난달 31일 코로나19 확진 판정을 받았다. A씨는 다음날 확진됐다.  이들은 천안 우정공무원교육원에 마련된 중부권·국제 생활치료센터로 이송돼 치료를 받고 있다. 신정락, A씨와 함께 식사한 나머지 5명은 음성 판정을 받았다. 이들이 함께 모여 식사한 날은 수도권에 '사회적 거리 두기 2.5단계'가 시행 중이었고, 충남에서도 실내는 물론 실외에서 반드시 마스크를 착용하라는 권고가 내려져 있던 상태였다.  방역 당국은 신정락과 A씨가 당일 숙소 옥상에서 고기를 구워 먹을 때 코로나19에 감염된 것으로 보고 있다.  이들 중 누가 먼저 감염됐는지는 역학 조사가 진행 중이다.   서산시 관계자는 ""사회적 거리 두기를 제대로 실천하지 않아 이런 불상사가 났다""며 ""훈련할 때를 제외한 나머지 시간에 회식하거나 밀접 접촉하는 행사를 삼가 달라""고 당부했다. sw21@yna.co.kr",https://v.daum.net/v/20200902153452403
"아파트 공사장 엘리베이터 18m에서 추락, 작업부부 사망"," [평택=뉴시스]안형철 기자 = 2일 오전 9시56분께 경기 평택시 고덕신도시 아파트 건설현장에서 건설용 엘리베이터(리프트)를 타고 올라가던 작업자 2명이 추락, 사망했다.  엘리베이터는 18m 높이에서 떨어졌다.  사망한 작업자 A(50대)씨와 B(50대)씨는 부부로 알려졌으며, 엘리베이터를 해체하기 위해 올라가던 중이었다.  경찰은 자세한 사고 경위를 조사 중이다. ☞공감언론 뉴시스 goahc@newsis.com ",https://v.daum.net/v/20200902135950929
'설마 내가'·'감기겠지'..안일함이 가족·지인을 위협한다," (광주=연합뉴스) 손상원 기자 = 방역 당국이 수그러들지 않는 코로나19에 대한 경각심을 환기하며 증상이 있으면 반드시 검사받도록 독려했다. 2일 광주시에 따르면 지난달 18일 광주 한 식당에서 함께 식사한 일행 6명 중 5명이 최근 잇따라 확진 판정을 받았다. 역학 조사 결과 상당수는 증상이 있는데도 '감기겠거니' 하고 지인들끼리 식사 모임에 참석한 것으로 드러났다. 더욱이 감염이 퍼진 것으로 보이는 식사 후 길게는 2주 뒤에야 확진 판정을 받으면서 방역은 더 어려워졌다.  이 모임에서는 지난달 27일 1명, 28일 1명에 이어 지난 1일 3명이 확진됐다. 식당까지 갈 때는 마스크를 썼더라도 식사 중 마스크를 벗고 이야기를 나누는 과정에서 바이러스가 전파된 것으로 방역 당국은 보고 있다. 당국은 증상이 있으면 즉각 보건소 선별진료소를 찾아야 한다고 거듭 당부했다. '항상 이맘때 여름 감기를 앓았다'라거나 기침을 하면 '감기겠지' 하는 안일한 생각이 코로나19를 확산시킬 수 있다는 것이다. 광주 전체 코로나19 확진자 388명 가운데 195명(50.3%)이 무증상 환자로 집계된 상황에서 그나마 조기에 파악할 수 있는 절반가량의 유증상 환자를 통한 확산이 발생하면 당국으로서는 더 뼈아플 수밖에 없다. 당국은 가장 보편적인 발열, 인후통은 물론 미각·후각 저하, 복통이나 설사 등 장염 증상을 보여도 감염을 의심해봐야 한다고 조언했다. 박향 광주시 복지건강국장은 ""우선은 증상 유무와 관계없이 코로나19는 누구에게나 올 수 있다는 인식에 따라 생활 방역 수칙을 준수해야 한다""며 ""증상이 있으면 가볍게 넘기지 말고 최근 동선을 떠올리고, 무엇보다 선별진료소에서 검사를 받아야 한다""고 강조했다. sangwon700@yna.co.kr",https://v.daum.net/v/20200902151420454
"퇴원 전광훈 ""목숨 던지겠다"" 일갈했지만..경찰 수사 본격(종합)"," [이데일리 손의연 기자] 전광훈 사랑제일교회 담임목사가 신종 코로나바이러스 감염증(코로나19) 치료를 받고 퇴원하자 마자 기자회견을 열어 문재인 대통령과 정부를 극렬 비난했다.  전 목사는 지난달 17일 코로나19 확진 판정을 받고 서울의료원에서 2주간 격리 치료를 받은 뒤, 이날 퇴원하자 마자 기자회견 현장에 왔다.  전 목사는 “문 대통령은 틈만 나면 나와 교회를 제거하려고 선동했고, 우한 바이러스를 통해서 사기극을 펼치려 했지만 국민의 현명한 판단 때문에 실패했다”며 “대한민국을 해체하고 북한으로 가려는 시도를 중지하라”고 요구했다. 한편 경찰은 전 목사 퇴원과 함께 그간 공직선거법·감염병 예방법 위반 혐의 수사에 속도를 내고 있다. 이날 서울 종로경찰서는 지난 1일 공직선거법 위반 혐의로 전 목사에 대해 기소의견을 달아 검찰에 송치했다. 지난 4·15 총선을 앞두고 수차례 집회를 열어 참석자들에게 특정 정당에 표를 주지 말고 자신의 신당에 투표하라고 유도한 혐의다. 서울지방경찰청은 이날 “전 목사가 코로나19 확진 후 치료를 받고 오늘 퇴원함에 따라 감염병 예방법 등 관련 사건들에 대해 법적 절차에 따라 엄정하게 수사할 방침”이라며 “필요한 수사를 신속히 진행하겠다”고 밝혔다. 손의연 (seyyes@edaily.co.kr) ",https://v.daum.net/v/20200902142940268
"""이혼 후 삶? 100점 만점""..구혜선, 14kg 감량→'숨3' 발매로 알린 새 출발 [인터뷰 종합]"," [OSEN=심언경 기자] ""제 인생 중 올해를 가장 만족하고 있습니다!"" 구혜선은 최근 OSEN과 진행한 서면 인터뷰를 통해 세 번째 피아노 뉴에이지 앨범 '숨3' 발매 소감과 근황을 전했다.  '숨3'는 '숨2-십 년이 백 년이 지난 후'로부터 5년 만에 내놓은 앨범으로, 타이틀곡 '새로운 연인을 위하여'를 비롯해 총 9곡으로 구성됐다.  구혜선에게 '숨3'는 '새로운 꿈'과 '새로운 시작의 설렘'이다. 이는 구혜선이 마주한 현재와도 연결된다. 특히 타이틀곡 '새로운 연인을 위하여'은 '숨3'의 핵심 메시지를 담고 있다.  ""'새로운 연인을 위하여'는 자전적인 곡이에요. 꿈은 저를 언제나 다시 태어나게 하고 숨 쉬게 하고, 또 계속 살게 만들어주기 때문에, 저는 제 자신이 계속 꿈꾸기를 바라요."" 전작과 달리 산뜻한 감성을 담아낸 앨범인 만큼, 가벼운 마음으로 작업에 임했다는 구혜선이다. 구혜선은 ""이번 앨범은 봄바람을 맞으며 작업했는데, '인생은 계속되는구나. 담대하게 내 갈 길 가자'는 마음으로 했다. 새로운 꿈을 위해서""라고 덧붙였다.  구혜선은 '숨3'에 담은 자신의 이야기가 많은 이들에게 위로로 와닿길 바랐다. 구혜선은 ""앨범을 틀어놓고 눈을 감으시면 딥슬립을 하실 수 있을 거다. 아주 편안하게 '숨' 쉬며 들어주시면 좋을 것 같다. 특히 싱그러운 봄바람을 상상하며, 설레는 순간을 떠올리면 좋을 것 같다""고 바람을 전했다.    '숨3'는 구혜선의 올해 첫 공식 활동이기도 하다. 지난 7월 배우 안재현과 합의 이혼한 구혜선은 최근 소속사 MIMI 엔터테인먼트와 계약 체결 소식을 알려 향후 행보에 대한 관심을 모았다.  구혜선에게 이혼은 '이혼'일 뿐이었다. ""인생 중 올해가 가장 만족스럽다""고 밝힌 구혜선은 이혼에 대해 ""대수롭지 않게 생각하고 있다. 앞으로 할 일이 많기 때문에, 나를 찾아가는 행복을 누리고 있다""고 심경을 전했다. 그러면서 현재 삶의 만족도를 묻는 말에 ""100점""이라고 답했다. 또한 구혜선은 ""'새 출발의 아이콘'이라는 말이 굉장히 마음에 든다""며 ""시작의 원동력은 다른 길이 없었기 때문이었어다. 이대로 죽거나 제대로 살거나, 둘 중 하나를 선택해야 해서 제대로 사는 것을 선택했다. 그리고 ‘다시 나다움을 찾는것’에 있다""고 전했다. 구혜선은 대중의 '극과 극' 반응에도 담담했다. 내면의 자존감 덕분이었다. 구혜선은 ""생각은 자유니까, 저도 그냥 '제 인생을 살아야겠다' 생각한다. 그런데 저는 대체적으로 제 자신이 좋기 때문에 언젠가 다 저를 좋아하게 되어 있다 생각한다""고 말했다. 구혜선은 본격적인 활동 재개에 앞서 14kg을 감량해 이목을 집중시켰다. 대다수는 구혜선의 비주얼 변신을 그의 심경 변화와 결부시켰지만, 구혜선의 속사정은 따로 있었다.  ""무릎도 아팠고. 자꾸 부었어요. 그래서 저를 몰아붙였어요. 제대로 살든가! 죽든가!""  구혜선은 다이어트를 위해 식사량은 무려 1/4이나 줄였다고. 구혜선은 ""일단 결심한 순간 식사를 반으로 줄였다. 한 주 지나면 거기서 반을 또 줄였다. 위를 줄여야 했다. 그리고 유지하는 건 정신력으로 했다. 사실 2주 정도 지나면 지금까지 노력한 게 아까워서 계속 하게 되더라""고 밝혔다. 이어 ""아무래도 노력한 게 아까워서 지독하게 유지하려고 하는 것 같다. 지금의 몸무게를 유지하려고 끊임없이 제 자신을 혹독하게 다룰 예정""이라고 덧붙였다.  구혜선은 인터뷰 내내 자신을 몰아붙일 계획이라고 강조했다. 이러한 그의 의지는 일과에서도 고스란히 드러난다. 구혜선은 자신의 하루에 대한 질문에 ""두 시간 간격으로 알람을 맞춰놓고 졸면 두 시간만 눈 붙이고 저를 깨워서 찬물로 씻기고 다시 그림 작업을 한다. 내년 전시를 준비하고 있는데 작업량이 많아서 물리적 시간이 부족하여 계속 이렇게 해야 하는 상황""이라고 얘기했다. 그러면서 구혜선은 ""바쁜 하루를 매우 사랑하고 몰입을 매우 지향한다. 요즘 빡빡하게 살고 있다. 이것도 쪼개서 더욱 저를 몰아붙일 계획이다. 열심히 살거나 아니면 죽어야 한다""며, 다소 비장한 각오를 내비쳤다. 끝으로 구혜선은 향후 행보에 대해 밝혔다. 구혜선은 ""연기 복귀는 올해 중 어려울 것 같고, 내년을 기대하고 있다""며 ""제22회 부천국제애니메이션페스티벌 심사위원으로 뵙게 될 것 같다. 내년에 전시와 공연이 예정되어 있어서 아트 워크로 자주 인사를 드릴 것""이라고 말했다. /notglasses@osen.co.kr [사진] MIMI엔터테인먼트",https://v.daum.net/v/20200902134451434
"[단독] 검찰, 임은정이 고발한 김수남 등 4명 '불기소' 최종 결론"," ‘검사 고소장 위조’ 사건 처리와 관련해 임은정 울산지검 부장검사가 고발한 전ㆍ현직 검찰 고위 간부들이 검찰에서도 무혐의 판단을 받았다. 고발장이 접수된 지 1년 4개월여 만에 나온 최종 결론으로, 1차 수사를 맡은 경찰은 압수수색 영장 등을 두고 검찰과 수차례 신경전을 벌이다 불기소 의견으로 사건을 송치했었다. 2일 법조계에 따르면, 서울중앙지검 형사3부(부장 윤진용)는 직무유기 혐의로 고발된 김수남 전 검찰총장에 대해 ‘혐의없음’으로 불기소 처분을 내렸다. 함께 고발됐던 김주현 전 대검찰청 차장, 황철규 법무연수원 연구위원(사건 당시 부산지검장), 조기룡 대구고검 검사(당시 대검 감찰1과장) 등 3명에 대해서도 무혐의 종결 처분이 내려졌다. 이번 수사는 지난해 4월 임 부장검사가 김 전 총장 등 4명을 서울경찰청에 고발하면서 시작됐다. 발단은 지난 2015년 12월 부산지검 소속 검사였던 윤모씨의 ‘고소장 위조’ 사건이다. 윤씨는 민원인이 낸 고소장 원본을 분실하자 해당 민원인이 과거에 제출한 다른 사건 고소장을 복사한 뒤, 새 표지를 만들어 붙이는 식으로 바꿔치기를 시도했다. 이 사실이 들통나자 윤씨는 사표를 냈고, 이후 재판에도 회부돼 징역 6월의 선고유예가 확정됐다. 다만 검찰 수뇌부가 윤씨의 위법 행위를 적발하고도 별다른 징계 조치 없이 사직서를 수리한 건 직무유기에 해당한다는 게 임 부장검사의 주장이었다. 김 전 총장 등에 대한 경찰의 수사는 검ㆍ경 간 신경전으로 비화했다. 경찰이 신청한 부산지검 압수수색 영장을 검찰이 세 차례나 기각한 탓이다. 경찰은 또, 법무부와 검찰에 요청한 일부 감찰 관련 자료도 넘겨받지 못한 것으로 알려졌다. 결국 올해 4월 경찰은 “현재 단계에서 혐의를 인정할 사실관계 확인이 어렵다”면서 사건을 불기소 의견으로 검찰에 넘겼다. ‘검찰의 비협조로 증거 확보가 힘들다'는 불만도 에둘러 표시했다. 그러나 검찰은 경찰의 영장 신청을 기각한 데 대해 “직무유기가 법리적으로 인정되기 어려운 사안”이라고 설명해 왔다. 직무유기죄는 ‘정당한 이유 없이 직무수행 자체를 거부하거나 포기하는 행위’가 있어야만 하는데, 이 사건은 그렇게 볼 수 없다는 의미였다. 이번 불기소 처분의 이유도 비슷한 맥락인 것으로 전해졌다. 피고발인 중 한 명인 조기룡 검사(차장검사급)는 지난해 검찰 내부망에 글을 올려 “분실 기록의 복원 과정에서 생긴 일이고, 사익을 추구하려던 것도 아니었던 점 등을 고려해 중징계 사안이 아니라고 판단했다”며 사표 수리의 정당성을 설명한 바 있다. 이번 불기소 처분과 함께 조 검사는 전날 의원면직돼 검찰을 떠났다. 1년쯤 전에 제출한 사표가 이번에 수리된 것이다. 검찰청법과 검사징계법 등에 따라 징계가 예상될 땐 검사의 사표 수리가 불가능해 그가 한참 전에 낸 사직서의 수리도 미뤄져 왔다. 정준기 기자 joon@hankookilbo.com",https://v.daum.net/v/20200902154101685
"[오태훈의 시사본부] 기상청 ""마이삭, 이번엔 진짜..차량 전복될 정도, 대비해야"""," - ‘마이삭’ 중심 부근 시속 160km 정도의 강풍... 다리 위 차량 전복될 정도 - 태풍 중심 워낙 크고, 반경도 넓어서 전국적이 영향권에 들고 피해도 심할 것 - 밀물의 높이 높아지는 시기와 태풍 겹쳐... 파도가 방파제 넘어올 것으로 예상- 강한 바람과 비 예상... 거주지 주변의 시설물 점검하고, 유리창 깨질 경우 대비해야- 기상 망명족? 우리 기상청의 품질 높이고, 발전할 수 있는 계기로 삼을 것- 다른 나라와 기상 정보 공유하며 우리 기상청의 기술력 높이기 위해 협력하고 있어 ■ 프로그램명 : 오태훈의 시사본부■ 코너명 : 시사본부 이슈■ 방송시간 : 9월 2일(수요일) 12:20~14:00 KBS 1라디오■ 출연자 : 윤기한 통보관(기상청) ▷ 오태훈 : 9호 태풍입니다. 마이삭이 북상하고 있습니다. 내일 새벽에 상륙할 것으로 예측되고 있다고 하는데 기상청의 윤기한 통보관 연결해서 태풍 상황 살펴보도록 하겠습니다. 나와 계시죠?  ▶ 윤기한 : 안녕하십니까?  ▷ 오태훈 : ‘9호 태풍 마이삭’ 지금은 어디쯤 지나고 있습니까?  ▶ 윤기한 : 11시 현재 서귀포 남쪽 약 130km 해상에 위치하고 있고 시속 한 20km 속도로 해서 우리나라 쪽으로 접근을 하고 있습니다. 태풍의 중심기압은 한 945hpa 그리고 최대 풍속은 매우 강한 초속 한 45m 정도로 바람이 불고 있습니다.  ▷ 오태훈 : 그러면 우리나라에 좀 강하게 영향을 미치는 시간대가 언제쯤으로 예상되고 벗어나는 시각은 언제쯤으로 전망되나요?  ▶ 윤기한 : 일단은 지역별로 조금 다른데요. 제주도하고 남해안은 지금부터 영향을 받는다고 생각하시면 됩니다. 그래서 내일 새벽까지 영향을 받고 경남이나 이런 쪽은 오늘 오후부터 해서 내일 낮 그리고 전남, 전북도 비슷한 시기. 그리고 충청도는 2일 밤부터, 오늘 밤부터 내일 낮. 그리고 서울, 경기도 지역은 내일 새벽부터 내일 낮까지 해서 내일 오후에는 점차 벗어날 걸로 그렇게 예상을 하고 있습니다.  ▷ 오태훈 : 그러면 내일 낮 시간까지는 계속해서 좀 긴장해야겠군요?  ▶ 윤기한 : 네, 맞습니다. 특히나 비든 바람이든 밤사이가 가장 고비가 될 걸로 그렇게 예상을 하고 있습니다.  ▷ 오태훈 : 기상지도 보니까 태풍이 상당히 크던데 지금 위력이 어느 정도로 생각됩니까?  ▶ 윤기한 : 일단은 아까 제가 말씀드렸던 것처럼 중심 부근에서 한 45m 정도 바람이 불고 있거든요. 그러면 이 정도 바람이라고 하면 실제로 시속으로 따진다고 하면 한 160여 킬로미터 정도 이렇게 돼서 굉장히 우리 고속도로에서 차 몰고 갈 때 과속해서 지나가는 차보다 훨씬 더 빠른 것 그리고 실제로 이 정도의 속도라고 한다고 하면 주로 지나가는 차가 전복될 수 있는 크기로. 다행히 약간은 낮아지지만 오늘 새벽 00시부터 한 03시 사이에 부산하고 거제도 사이에서 상륙을 할 걸로 예상을 하고 있습니다. 그때도 중심 풍속이 초속 한 40여 미터 정도를 유지하고 있기 때문에 다리 같은 데서는 충분히, 고가 다리 위에서는 지나가는 차가 전복될 수 있는 그런 크기가 되지 않을까 이렇게 조심스럽게 예측을 하고 있습니다.  ▷ 오태훈 : 강풍도 몰고 오고 비는요?  ▶ 윤기한 : 비도 전국적으로 해서 많이 오는데요. 일단은 태풍이 이번 비, 앞서서 비구름대가 지금 오고 있어서 제주도는 동쪽으로 지금 많은 비가 쏟아지고 있는데 제주도와 영남 동해안, 남해안, 강원도 동해안으로 해서 400mm 정도, 많은 곳이. 그리고 지리산 부근하고 남해안 그리고 강원 산지 정도에서 100~300mm 그리고 서울이나 충청도 이런 쪽에서는 100~200mm 정도 강수량이 있을 걸로 그렇게 예상을 하고 있습니다.  ▷ 오태훈 : 바로 일주일 전에 저희가 8호 태풍 바비 말씀하면서 상당히 긴장해야 한다. 특히 강풍이 거셀 것이라고 이야기를 했어요. 제주는 상당히 좀, 또 전남 해안 쪽은 피해가 컸는데 다행히 수도권 쪽으로 올라오면서는 많이 세력이 좀 약해졌다고는 하는데 이번 태풍 경로는 아직 유동적인 건가요? 아니면 확실해진 겁니까?  ▶ 윤기한 : 일단은 지금 우리나라에 올라오면서 우리나라 주위 북서쪽의 기압골 그리고 태풍의 동쪽의 고기압 사이에서 우리나라 쪽으로 올라오는데 이들의 요인에 의해서 자꾸 지그재그로 해서 약간씩 변동은 있을 걸로 예상을 하고 있습니다. 그리고 태풍의 위치에 따라서도 태풍 위치 지점에서 약간 오차는 조금 시간이 지나면 큰 오차로 변하기 때문에 그런 오차들로 인해서 남해안에서 10~20km 정도는 충분히 오차가 있을 걸로 생각을 하고 있고요. 그렇지만 태풍 중심이 워낙 크고 태풍 반경도 크기 때문에 전국적으로 심한 피해가 있거나 심한 영향을 받는다는 것은 크게 변화는 없을 걸로 그렇게 보고 있습니다.  ▷ 오태훈 : 그러면 특별히 어느 지역에 치우치거나 이거보다는 전국적으로 지금 우려되는 상황인가요?  ▶ 윤기한 : 일단은 전국적으로 강풍이나 비가 있는 가운데 특히나 더 많은 지역은 태풍 중심하고 가까운 제주도 그리고 태풍의 동쪽에 있는 면들, 남해안하고 강원 동쪽 지방, 경북, 경남 그리고 강원도 영동 그쪽으로는 조금 더 다른 지역보다도 더 강풍이나 비가 심할 걸로 그렇게 예상을 하고 있습니다.  ▷ 오태훈 : 바닷물 수위가 높아지는 때라서 해일 피해도 우려된다면서요.  ▶ 윤기한 : 일단은 밀물은 하루에 두 번씩 있는데요. 연중 가장 높은 시기입니다. 그래서 백중사리라고 하는데 남해안 지방은 오늘 밤 사이에 있을 걸로 그렇게 예상을 하고 있습니다. 이때 이제 밀물의 높이가 높아지는 가운데 태풍으로 인한 파도가 또 겹치고 태풍의 중심이 지나가면 누르는 힘이 약해서 바닷물을 조금 이렇게 들어올리는 역할을 합니다. 이 에너지가 겹치면서 파도가 일상적으로 봤던 밀물 때의 파도보다는 훨씬 더 높게 칠 걸로 예상을 하고 있고 또 비가 오면 빗물이 빠져나가지 못하는 경우가 있거든요, 밀물 때하고 겹치면. 이런 것이 오늘 밤에 겹칠 수 있기 때문에 안전한 지역에서도 침수가 일어날 수 있고 그리고 또 바닷물 밀물이 높기 때문에 파도가 치더라도 방파제 같은 데나 주변 도로로, 상가나 파도가 넘어올 수 있습니다. 그래서 그런 월파에 대한 피해도 있을 걸로 그렇게 예상을 하고 있습니다.  ▷ 오태훈 : 태풍이 온다거나 집중호우 예상될 때마다 저희가 방송으로도 말씀을 드려요. 시설물 관리 철저히 해주시고 특히 낙과 피해 등 농작물 관리 잘해 달라고 말씀드리거든요. 좀 추상적이고 태풍은 오고 있는데 지금 저희가 일반적으로 뭘 하는 게 가장 대비에 맞다고 보십니까?  ▶ 윤기한 : 태풍이 위험한 것은 강한 바람하고 많은 비가 동반이 되는 거거든요. 그렇다면 강한 바람에 의해서는 날리는 현상들이 굉장히 많을 겁니다, 간판이나 나무가 쓰러진다거나 아니면 유리창이 깨진다거나. 이렇게 날리는 현상에 의해서 차량 파손이라든가 인명 사고가 날 수 있고요. 그다음에 비가 있으니까 또 침수가 되고 월파가, 지금 말씀드렸던 것처럼. 많은 비하고 해변가 침수가 될 수 있고 또 이런 것이 겹치다 보면 가옥이 무너진다거나 산사태가 날 수 있거든요. 그래서 날리고 침수되고 무너지는 이런 삼중적으로 나는 복합 형태의 피해가 날 수 있으니까 이런 거에 대해서 실제로 자기 주변의 축대, 우리 가정 일상 속에서는 축대 같은 거, 큰 나무 옆 주변 그리고 시설물, 실질적으로 불안전한 시설물 그리고 가정집에서는 실제로 유리창이 깨질 경우를 대비해서 한시라도 일단은 방 안에서 깨질 게 있는지 없는지 확인하셔서 좀 치워놓는 것도 하나의 방편이지 않나 이렇게 말씀을 드립니다.  ▷ 오태훈 : 남해안 쪽에 지난번에 집중호우로 인해서 여러 가지 시설물 같은 것들이 이미 피해를 본 곳이 있어요. 이런 곳들은 지금 아직 복구도 안 된 상황인데 그러면 그곳은 어떻게 해야 할까요?  ▶ 윤기한 : 일단은 상당히 진행 상태가 아직은 아물지 않아 있는, 단단하지도 않은 상태고 그간의 비에 의해서 시설물이 많이 노후화됐거나 아니면 부실해진 경우가 되게 많거든요. 만약에 그런 데가 있다고 하면 지금 비는 비만 오는 게 아니고 바람이 불기 때문에 현실적으로 조금 안전한 곳으로 오늘 밤 정도는 옮기실 수 있으면 옮기시는 것이 일단은 최선의 인명피해나 조금 그런 것을 방지하는 것 중에 하나가 되지 않을까 이렇게 말씀을 드립니다.  ▷ 오태훈 : 8호 태풍 바비 일주일 전에 왔고 이번에는 9호 태풍입니다. 마이삭이라고 하고 10호 태풍도 지금 발생해서 또 올라온다고 하는데 이 10호 태풍은 또 바로 오는 건가요? 어떻습니까?  ▶ 윤기한 : 10호 태풍은 지금 일본 남쪽 해상에서 발달했는데요. 일본 남쪽 해상에서 지금 마이삭의 경로하고는 좀 다릅니다. 일본 남쪽에 있기 때문에 일본 열도를 지나갈 가능성도 충분히 있습니다. 그래서 일본 열도를 지나면서 육상을 한 번 거쳐서 오기 때문에 경로나 강도 면에 있어서는 상당히 변동 가능성이 많습니다. 그런데 이제 우리나라를 기점으로 한다고 하면 일요일 오후부터나 아니면 월요일에 전국적으로 지금 비가 들어가 있는데요. 이거는 태풍의 영향으로 보시면 되고 피크타임은 아마 6일 정도, 월요일 정도 전후가 되지 않을까. 그런데 아직은 그 경로나 강도가 좀 많이 불확실해서 실제로 어떤 특정적인 현상이 일어난다고 구체적으로 말씀드리기는 아직 조금 이른 감이 있습니다.  ▷ 오태훈 : 아직은 좀 예상 경로를 파악하기가 쉽지는 않은 상황이네요.  ▶ 윤기한 : 네, 우리나라에 영향을 줄 수 있다 이 정도로 말씀을 드릴 수 있을 것 같습니다.  ▷ 오태훈 : 알겠습니다. 오늘 9월 2일인데 앞으로도 태풍이 더 올까요?  ▶ 윤기한 : 일단은 북태평양에서 태풍이 발생하는데 보통 통계적으로 봐도 11월까지는 발생을 합니다. 그리고 작년의 경우에도 7개의 태풍이 우리나라에 오지 않았습니까? 그때도 9월까지도 계속 3개가 왔는데 그리고 10월에는 많은 수가 발생을 하고요. 그런데 올해도 실질적으로 북태평양 자체가 기온이 높아서 수온이 높다 보니까 언제든지 발생할 가능성이 있고 그리고 그게 우리나라에 올 수 있는 확률은 아직 시기적으로 많이 남아 있어서 항상 대비는 하고 올 수 있다 이 점을 말씀드리고 싶습니다.  ▷ 오태훈 : 역대급 태풍이라고 바비 이야기했을 때 그런데 좀 피해가 그렇게 다행스럽게 크지는 않았어요. 한데 또 저도 오프닝에서 말씀드렸습니다만 그랬더니 주변에서도 아, 이번에 또 그냥 별거 아닌 거 아니야? 이렇게 이야기하시는 분들이 실제로 계십니다. 물론 그렇게 생각하면 안 되겠지만. 그런데 이런 반응들을 들으면 어떠세요? 기상청에 계시면서.  ▶ 윤기한 : 일단 바비에 대해서는 바비가 제주도 서쪽 해상을 거쳐서 흑산도 인근을 지나서 황해도로 상륙을 했는데 실제로 흑산도, 가거도에서 저희가 측정한 기계에 의하면 초속 순간 풍속이 66m 정도 불었거든요. 실질적으로 가거도 같은 경우는 굉장히 피해가 많았고 방파제가 부서졌다는 뉴스도 들으셨지 않습니까? 실제로 우리나라 해안가에서 멀었고 상당히 다행히도 해안가 위쪽으로 좀 바람이 불고 제주도에 피해가 있고 전남 쪽에 피해가 있었는데 이번 태풍은 중요한 건 중심 풍속 40m라고 기록돼 있는 중심이 우리나라 내륙을 통과합니다. 그 바람의 영향을 중심 내륙이 받기 때문에 실질적으로 이번 태풍은 굉장히 위험하다. 그리고 대비하는 것이 일단은 가장 먼저 할 수 있고 가장 먼저 우선시해야 하는 일이다 이렇게 말씀을 드릴 수 있을 것 같습니다.  ▷ 오태훈 : 민감한 질문도 드려볼게요. 최근에 여러 가지 정보들이 다양해지고 실시간으로 다른 나라의 기상 정보라든가 이런 것들을 많이 받아볼 수도 있지 않습니까? 그러다 보니까 다른 나라 기상청 예보하고 비교하면서 이쪽이 맞다더라, 저쪽은 아니더라, 우리나라가 많이 틀린다더라 이런 이야기들 많이 나오고 특히 태풍 경로 같은 경우에 유럽이라든가 미국이라든가 일본 기상청과 비교하는 경우 많이 겪어보고 있거든요. 이런 상황 들으면 어떠세요?  ▶ 윤기한 : 일단은 실질적으로 그런 시기가 있을 거라고 생각을 했고요. 일단은 시장에 많은 물건들을 팔면 처음에는 선택의 여지가 많지만 조금 더 써보면 어느 물건들을 선택해야 할지가 조금씩 조금 시간이 지나면 품질 같은 것들이 결정되지 않습니까? 그런 면에 있어서 보면 우리가 품질을 높일 수 있는 계기도 되고 또 한 번은 우리나라 자체, 우리 기상청의 객관적이 실력도 평가가 될 것으로 생각을 합니다. 그래서 저희로서는 하나의 경쟁 상대이기도 하고 품질을 높일 수 있는 바로미터가 된다. 이런 면에 있어서는 발전의 계기가 될 수 있다 이 정도로 말씀을 드리고 싶습니다.  ▷ 오태훈 : 그런 기상 정보 같은 경우에는 다른 나라와도 공유가 되고 또 그걸 바탕으로 해서 우리나라 것들을 수정하기도 하고 그렇습니까?  ▶ 윤기한 : 네, 맞습니다. 그 전에서도 다른 나라하고 자료를 다 공유하고 있고 다른 나라의 모델 특징이 무엇인지, 그 예보의 특징은 무엇인지를 파악하면서 저희가 단점은 보완하고 저희의 장점은 살리고 이런 것으로 해서 저희 기술력을 높이는 데 사용을 했고 협력을 하고 있습니다.  ▷ 오태훈 : 많이 조심해야 합니다라고 말씀드렸고 그 결과 그래도 조심 덕분에, 또 여러 가지 우려 덕분에 큰 피해 없이 지나가는 게 가장 좋은 일 아니겠어요?  ▶ 윤기한 : 네, 맞습니다.  ▷ 오태훈 : 기상 신뢰도 관련해서 좀 통보관께서 하고 싶은 말씀 있으시면 좀 끝으로 말씀해주시죠.  ▶ 윤기한 : 일단은 이 사이든지 아니면 내년, 재작년부터 좀 폭염이 많았고 작년에는 태풍이 많았고 올해는 겨울이 없었고 올해 장마 길었고 또 태풍 오고. 그래서 굉장히 위험 기상이나 이상 기상 계통의 것이 조금 더 자주 반복되고 더 다양하게 나타나는 모습을 나타내고 있거든요. 그리고 이게 실질적으로 인명피해나 재산피해로도 연결이 되고 있고. 이런 면에 있어서는 저희 기상청에서 가장 우선시되어야 할 게 일단은 위험 기상에서 가장 안전하게 대피할 수 있는 것 그리고 안전한 생활을 할 수 있는 것 여기에다가 초점을 맞출 수밖에 없습니다. 그래서 실질적으로 자기가 안전하다고 하면 일단은 국가의 보호를 받고 있다는 사실에 조금 객관적으로 생각을 하시는 것이 좋지 않을까. 그리고 기상청에서도 일단은 먼저 국민의 안전과 생명 보호가 가장 우선시된다 이 말씀을 드리고 싶습니다.  ▷ 오태훈 : 알겠습니다. 오늘 말씀 여기까지 듣도록 하겠습니다. 밤새 좀 고생 많으실 것 같습니다.  ▶ 윤기한 : 네.  ▷ 오태훈 : 알겠습니다. 철저하게 살펴봐주시고요. 또 대비 상황들에 대해서도 알려주시기를 부탁드리겠습니다. 오늘 말씀 고맙습니다.  ▶ 윤기한 : 네, 감사합니다.  ▷ 오태훈 : 지금까지 기상청 연결했습니다. 윤기한 통보관이었습니다. KBS",https://v.daum.net/v/20200902161242140
"김광현, 20이닝 던진 신인투수 평균자책점 1위..신인왕 도전하나"," (서울=연합뉴스) 김경윤 기자 = '한국 최초의 메이저리그 신인왕'. 'KK' 김광현(32·세인트루이스 카디널스)에겐 '꿈의 타이틀'이 아니다. 김광현은 미국프로야구 메이저리그에 데뷔한 올 시즌 최고의 모습을 보여주며 신인왕 경쟁에 본격적으로 뛰어들었다. 그는 2일(한국시간) 미국 오하이오주 신시내티 그레이트아메리칸볼파크에서 열린 신시내티와 방문 경기에 선발 등판해 5이닝 3피안타 2볼넷 무실점으로 역투하며 2승 1세이브 평균자책점 0.83을 기록했다. 팀 마무리투수로 메이저리그에 데뷔한 김광현은 두 번째 등판부터 선발 투수로 보직을 바꿨는데, 선발 4차례 등판에선 평균자책점 0.44의 놀라운 성적을 거뒀다. 이는 1913년 평균자책점이 공식 기록으로 인정된 이후 좌완 선발 투수의 데뷔전부터 4경기 평균자책점 역대 기록 2위에 해당한다. 1위는 1981년 로스앤젤레스 다저스에서 뛰던 페르난도 발렌수엘라가 기록한 0.25다. 발렌수엘라는 그해 내셔널리그 사이영상과 신인상을 석권했다. 김광현이 현재 페이스를 유지한다면 신인왕에 충분히 도전해볼 만하다. 김광현은 올 시즌 20이닝 이상 던진 전체 신인 투수 중 평균자책점 1위를 달린다. 2위 보스턴 레드삭스의 필립스 밸디즈(1승 평균자책점 0.86)가 김광현과 함께 평균자책점 0점대를 찍은 가운데, 나머지 투수들은 모두 2점대 이상의 평균자책점을 기록 중이다. 타자 중에선 내셔널리그 샌디에이고 파드레스 유격수 제이크 크로넨워스가 올해 31경기에서 타율 0.356, 4홈런, 17타점을 기록하며 맹활약 중이다. 객관적으로 크로넨워스의 활약상이 돋보이지만, 김광현도 충분히 신인왕에 도전해볼 만하다. 내셔널리그에서 투수가 신인상을 받은 건 2014년 제이컵 디그롬(뉴욕 메츠)이 마지막이었다. 당시 디그롬은 9승 6패 144탈삼진 평균자책점 2.69의 성적을 올렸다. 아시아 선수가 메이저리그 신인상을 받은 건 1995년 투수 노모 히데오(당시 다저스), 2000년 투수 사사키 가즈히로(당시 시애틀 매리너스), 2001년 야수 스즈키 이치로(당시 시애틀), 2018년 투타 겸업 오타니 쇼헤이(로스앤젤레스 에인절스) 등 총 4명이다. 모두 일본 선수다. 한국 선수가 신인왕을 받은 적은 없다.  류현진(토론토 블루제이스)이 다저스에서 뛰던 2013년 미국야구기자협회(BBWAA) 내셔널리그 신인왕 투표에서 10점을 받아 4위에 오른 게 최고 성적이다. cycle@yna.co.kr",https://v.daum.net/v/20200902120825797
"""집회·입원 제때 알렸더라면"" 청주 요양보호사 거짓말 일파만파","(청주=연합뉴스) 전창해 기자 = 청주의 70대 신종 코로나바이러스 감염증(코로나19) 확진자가 입원했던 것으로 뒤늦게 확인된 병원 관련 진단검사 대상자가 500∼600명에 이를 것으로 추산된다. 특히 해당 병원 이용자의 상당수가 고령인 데다 대상포진 등 면역력 저하 질환자로 고위험군에 속해 방역당국에 비상이 걸렸다.  2일 충북도에 따르면 지난달 29일 코로나19 확진 판정을 받은 청주시 상당구 거주 70대 방문요양보호사 A씨는 같은 달 18일과 20일 두 차례에 걸쳐 서원구 사직동에 있는 B병원을 방문했다. 이어 21∼24일에는 치료를 위해 이 병원에 입원까지 했다. 그러나 A씨는 이를 방역당국에 알리지 않다가 DUR(의약품 처방 조제 지원 시스템) 조회를 통해 뒤늦게 들통났다. A씨는 병원에서 마스크를 착용했다고 진술했으나, 같은 입원실을 이용한 옥천군 거주 60대 C씨가 이날 확진 판정을 받으면서 이 역시 신뢰할 수 없게 만들었다. 이에 따라 방역당국은 A씨와 C씨가 병원을 이용한 지난달 17∼29일 사이 동선이 겹치는 모든 사람에 대해 전수검사를 시행하기로 했다. 대상은 병원 관계자, 입원·외래 환자를 모두 합하면 500∼600명에 이를 전망이다. 방역당국은 중복자를 추려내고 CCTV 분석을 통해 밀접 접촉자를 구분하는 한편 2∼3일 내 이들 모두를 청주 관내 4개 보건소 선별진료소에서 검사한다는 계획이다. 문제는 B병원 이용자의 상당수가 고위험군에 속한다는 점이다. 이 병원은 대상포진 치료를 잘한다고 소문나 청주에서 제법 이름이 알려진 곳이다. A씨 역시 대상포진 치료를 위해 이 병원에 입원한 것으로 확인됐다. 대상포진이 면역력 저하로 인해 생기는 질환인 데다, 고령 환자가 많다는 점에서 코로나19에도 취약할 수밖에 없다. 충북도 관계자는 ""A씨가 병원 진료 사실을 제때 알리지 않았고 검사 대상자도 많지만, 최악의 상황을 막기 위해 추가 감염자가 없는지 조속히 진단검사를 시행하겠다""고 말했다. 앞서 A씨는 광복절 광화문 집회에 다녀오고도 이 사실을 부인하며 방역당국의 진단검사 권유를 거부한 바 있다. 그 사이 A씨의 90대 시어머니와 40대 조카, A씨가 소속된 청주의 한 주간보호센터 이용자인 80대 노인과 40대 동료도 코로나19 확진 판정을 받았다. 방역당국은 동선을 숨긴 A씨를 감염병 예방 및 관리에 관한 법률 위반 혐의로 경찰에 고발한 상태다.  jeonch@yna.co.kr",https://v.daum.net/v/20200902153409370
"고의사고 택시기사, 3년전에도 구급차 막았다..공소장 적시"," (서울=연합뉴스) 임성호 장우리 기자 = 고의로 구급차를 들이받고 '접촉사고 처리부터 하라'며 앞을 막아서 응급환자를 사망케 했다는 비난을 받는 택시기사가 3년 전에도 구급차와 일부러 사고를 낸 뒤 돈을 타내려 한 것으로 검찰 조사 결과 드러났다. 또 다른 차량에 의해 가벼운 접촉사고를 당해 크게 다치지 않았는데도 마치 병원 치료가 필요한 것처럼 속여 보험금을 타내 가로챈 전적이 다수 있는 것으로 검찰은 파악했다. 2일 연합뉴스가 입수한 전 택시기사 최모(31)씨의 공소장에 따르면, 검찰은 최씨가 2011년부터 전세버스나 회사 택시, 사설 구급차 등의 운전 업무에 종사하면서 2015년부터 올해까지 수차례 접촉사고를 빌미로 피해자들에게 합의금과 치료비 등을 받아내거나 받으려 했다고 적시했다. 검찰은 최씨가 2017년 7월 택시를 몰고 서울 용산구 이촌동 부근 강변북로를 달리던 중 한 사설 구급차가 사이렌을 울리면서 갓길로 주행하자 일부러 진로를 방해하다가, 택시를 추월하려고 앞으로 끼어들던 이 구급차를 고의로 들이받았다고 공소장에 적었다. 최씨는 당시 구급차 운전자에게 ""응급환자도 없는데 사이렌 켜고 운행했으니 50만원을 주지 않으면 민원을 넣겠다""는 취지로 협박하면서 보험사에 사고 접수도 하게 한 것으로 조사됐다. 하지만 구급차 운전자가 협박에 응하지 않았고, 보험사에서도 과실 비율에 대한 협의가 이뤄지지 않아 최씨는 돈을 받아내지 못했다. 검찰은 또 최씨가 2015년 2월 송파구 가락동의 한 도로에서 택시를 몰다 정차하던 중, 옆 차량의 뒷문이 열리며 바퀴 덮개 부분이 가볍게 찍히는 이른바 '문콕' 사고를 당하자 합의금과 치료비 명목으로 약 120만원을 받았다고 적었다. 최씨는 당시 택시에서 파손 부위를 찾기 힘들 정도로 사고 충격이 경미했는데도 상해를 입은 것처럼 해 피해자 보험사가 사고를 접수하도록 하고, 6일간 통원 치료를 받은 것으로 조사됐다. 또 이듬해 3월에는 용산구 서부이촌동에서 전세버스를 운전하다가 앞에 끼어들려는 승용차와 가벼운 접촉사고가 났다. 이후 9일간 통원 치료를 받으며 피해자에게 약 240만원을 받아냈다.  최씨는 이런 식으로 2015년∼2019년 사이 총 6차례에 걸쳐 피해자와 보험사로부터 합의금과 치료비 등 총 2천여만원을 받아 챙긴 것으로 검찰은 파악했다. 최씨의 범행은 지난 6월 8일 오후 3시께 강동구 고덕동에서 응급 환자가 탄 구급차와 사고를 내기까지 이어졌다.  최씨는 이때 회사 택시를 몰던 중 이 구급차가 택시 앞으로 천천히 끼어드는 것을 보고, 차를 그대로 전진해 구급차 왼쪽 뒷부분을 들이받았다. 이후 '(환자가) 죽으면 책임지겠다'며 구급차를 약 11분간 막아섰다고 검찰은 공소장에 적었다. 아울러 최씨가 마치 과실로 이 사고가 발생한 것처럼 구급차 운전자가 보험사에 신고하도록 하고, 택시 회사에 차량 수리비 명목으로 72만원을 내도록 했다는 내용도 공소장에 들어갔다.  당시 이 구급차는 79세의 폐암 4기 환자를 병원에 이송하던 중이었다. 환자는 다른 119구급차로 옮겨져 인근 대학병원 응급실에 도착해 처치를 받았지만, 그날 오후 9시께 숨졌다.  환자의 유족은 ""당시 환자는 단 10분 정도 차이로 딱 하나 남아 있던 음압격리병실에 입원할 기회를 놓쳐 약 1시간 30분간 구급차에서 기다려야 했다""고 전했다. 이 사건은 숨진 환자의 아들이 택시기사를 처벌해 달라며 지난 7월 초 올린 청와대 국민청원으로 알려지면서 공분을 샀고, 최씨는 그달 24일 구속됐다. 검찰은 최씨에게 특수폭행과 보험사기방지 특별법 위반, 사기 등 6가지 혐의를 적용해 지난달 14일 최씨를 구속기소 했다. 최씨에 대한 첫 재판은 오는 4일 서울동부지방법원에서 열린다.  경찰은 별개로 환자의 유족이 최씨를 살인과 특수폭행치사 등 9가지 혐의로 고소한 사건에 대해서도 수사 중이다. sh@yna.co.kr, iroowj@yna.co.kr",https://v.daum.net/v/20200902160030572
"'신박한 정리'의 진짜 힘, 공감대가 주는 신박한 감동 [TV와치]","   [뉴스엔 장수정 기자] '신박한 정리'가 시청자들에게 특별한 감동을 선사하고 있다.  이어지는 '집방' 속 '신박한 정리'가 풀어놓는 진솔한 이야기들이 남다른 울림을 전하고 있다.  최근 부동산에 대한 높은 관심과 맞물려 예능계에서도 '집'을 소재로 한 프로그램들이 늘어나고 있다. 원하는 집을 대신 구해주는 MBC '구해줘 홈즈'부터 바퀴 달린 집을 타고 전국 명소를 누비는 tvN '바퀴 달린 집'도 '집방'으로 분류된다. SBS는 지난달 꿈꾸던 집에서 살아볼 수 있는 기회를 제공하는 '나의 판타집'을 파일럿으로 선보였다. tvN '신박한 정리'는 나만의 공간, '집'에 널린 물건을 함께 정리하며 노하우를 나누고 있다.  코로나19의 영향도 없지 않다. 집에 머무는 시간이 많아지면서, 거주 공간 이상의 의미를 찾는 프로그램들이 시청자들에게 새로운 공감을 안기고 있는 것. 그런 의미에서 '신박한 정리'는 단순 정보가 아닌, 공감과 힐링에 방점을 찍으며 여느 '집방'과는 차별화를 보여주고 있다.  '신박한 정리'는 미니멀 라이프라는 새로운 생활 방식을 내세워 소재의 차별화를 시도했다. 연예계 대표 맥시멀리스트 박나래와 미니멀리스트 신애라가 MC를 맡았으며, 윤균상은 이들 사이에서 적절하게 균형을 잡으며 함께 진행을 하고 있다. 그들은 매회 새로운 게스트들의 집을 방문, 효율적으로 정리를 해준다. 신애라는 차마 버리지 못한 물건들을 효과적으로 정리할 수 있게 따뜻한 조언을 해주고 있으며, 박나래는 곁에서 이를 안타깝게 지켜보면서도 게스트들과 함께 성장 중이다. 그들의 티격태격 '케미스트리'를 엿보는 것 또한 이 프로그램의 양념 같은 재미다.  정리를 소재로 내세운 만큼, 전문가 수준의 노하우를 가진 신애라의 팁을 듣는 흥미도 있다. 첫 회에서 깔끔한 집을 공개하며 감탄을 자아낸 신애라는 추억 때문에 버리기 아까운 물건이 있다면 사진으로 남겨 기억을 되새기면 된다는 신선한 조언을 전하며 눈길을 끌었다.  공간 크리에이터 이지영의 출연도 신선했다. 정리 전문가라는 생소한 직업을 접하는 재미가 있다. 여기에 의뢰인의 생활 방식과 요구 사항을 적절하게 반영한 것은 물론, 마치 새집 같은 정리의 효과까지 만들어내며 매회 시청자들에게 놀라움을 선사하고 있다. 정리에 대한 새로운 시각을 전달했다는 점에서 제목의 '신박한'이라는 수식어가 충분히 어울렸다.  게스트인 연예인의 집을 엿본다는 흥미도 물론 있다. 그러나 '신박한 정리'는 여기서 그치지 않고, 그들의 속내에 집중하며 집과 정리의 의미를 확대시켰다. 자신들의 개인 공간인 집과 방을 모두 공개하는 게스트들은 여느 프로그램에서보다 한층 열린 마음으로 자신들의 이야기를 풀어놓았다. 신애라의 따뜻한 공감과 박나래, 윤균상의 찰떡같은 리액션이 더해지면, 한층 풍성한 이야기가 가능했다. '신박한 정리'가 만들어내는 공감대야 말로 이 프로그램을 계속 보게 만드는 진짜 힘이 되고 있다.  아이 셋을 육아 중인 개그맨 정주리는 치울 엄두 조차 내지 못했던 집이 마법처럼 깔끔해지는 기적을 경험하며 눈물을 보였다. 공개하기 부끄러울 수도 있었지만, 그의 고충을 지켜본 친구 박나래가 함께 눈물을 보이자 감동이 배가됐다. 아이를 키우는 부모는 물론, 그의 사연에 공감한 많은 이들이 뜨거운 반응을 보였다.  이 외에도 아이의 공간에 밀려 예술 활동 공간을 잃어버린 양동근에게는 자신만의 공간을 선물해 양동근과 시청자들의 눈물샘을 자극했다. 공부하느라 답답함을 느끼던 장현성의 아들 준우에게는 탁 트인 공간을 선물하기도 했다. 언제든 누울 수 있어 힘들었던 준우는 효과적인 정리로 침대와 책상이 분리된 자신의 공간을 보며 기뻐했고, 이를 지켜보던 엄마는 눈물까지 쏟아냈다. 의뢰인들이 털어놓은 사연과 전문가적인 노하우가 결합돼 만들어낸 특별한 감동이었다.  이렇듯 정보와 의미 모두를 획득한 '신박한 정리'는 매회 시청자들의 뜨거운 공감을 받으며 정규 편성까지 확정했다. 당초 8회로 예정됐던 '신박한 정리'는 최근 정규 편성 사실을 알리며 ""편성이나 출연진에는 큰 변동이 없을 예정""이라고 했다. (사진=tvN 방송화면 캡처)  뉴스엔 장수정 jsj8580@ 기사제보 및 보도자료 newsen@newsen.com copyrightⓒ 뉴스엔. 무단전재 & 재배포 금지 ",https://v.daum.net/v/20200902144357920
광복절 집회 명단 제출하지 않은 목사 구속영장 검찰서 반려," (전주=연합뉴스) 나보배 기자 = 서울 광화문 집회 인솔자 역할을 하고도 보건당국에 참가자 명단을 제출하지 않은 전북 지역 목사에 대해 경찰이 신청한 구속영장이 검찰에서 반려됐다. 2일 경찰에 따르면 전주 완산경찰서는 전날 감염병 예방 및 관리에 관한 법률 위반 혐의로 전주시의 한 교회 목사 A씨에 대해 구속영장을 신청했다. 그러나 검찰은 구속영장을 반려했다. 검찰은 증거 불충분 등을 이유로 반려한 것으로 전해졌다. 앞서 전주시는 신종 코로나바이러스 감염증(코로나19) 확산에 따른 역학조사를 위해 목사 등 인솔자 11명에게 집회 참석자 명단 제출을 요구했으나 거부당하자, 이들을 경찰에 고발했다. 이들은 지난달 15일 전주의 한 대형교회 앞에서 교인 등 150여명을 관광버스에 태워 서울 광화문 집회에 함께 참여한 것으로 알려졌다. 경찰은 인솔자들의 주거지와 교회 등을 압수 수색을 해 확보한 휴대전화에서 삭제된 탑승자 명단을 확인하고, 참석자 명단의 고의 폐기 여부 등을 조사했다. 경찰은 반려 사유를 검토한 뒤 구속영장 재신청 여부를 결정할 것으로 전해졌다. 경찰 관계자는 ""전주시가 고발한 내용대로 역학조사를 고의로 방해했는지 등을 수사하고 있다""며 ""수사 중인 사건이라 검찰의 반려 사유 등을 구체적으로 언급하기 어렵다""고 말했다. warm@yna.co.kr",https://v.daum.net/v/20200902123359498
"정은경 ""코로나19 폭발적 확산 억제..신규확진 100명 이하 목표""(종합)"," (서울=연합뉴스) 김기훈 기자 = 방역당국은 최근 신종 코로나바이러스 감염증(코로나19) 신규 확진자 수가 나흘 연속 200명대를 유지하는 것과 관련, 폭발적 확산은 억제하고 있다고 분석했다.  방역당국은 일일 신규 확진자 수를 100명 이하로 줄이는 게 급선무라고 강조했다. 정은경 중앙방역대책본부(방대본) 본부장은 2일 충북 오송 질병관리본부에서 열린 정례브리핑에서 ""지난주 400명 이상으로 급증했던 감염 규모가 사회적 거리두기를 강화하면서 계속 가파르게 올라가지 않고 급증세가 다소 꺾였다. 하지만 매일 250명 이상의 환자는 보고되고 있는 상황""이라고 말했다. 그는 이어 ""지난주 브리핑 때 전문가들의 단기 예측 모델링 결과를 인용해 '감염확산 추세가 계속 이어지면 하루에 800∼2천명까지도 확진자가 발생할 수 있다'는 우려의 말씀을 드린 바 있다""며 ""아직은 200명 이상 유행이 발생하고 있지만 국민들의 적극적인 방역 참여 결과로 폭발적인 급증 추세는 억제되고 있다""고 평가했다. 정 본부장은 8월 들어 확진자가 5천명가량 급증한 데는 무증상 환자와 감염 경로가 불분명한 환자가 영향을 미쳤을 것으로 분석했다. 정 본부장은 ""코로나19 유행이 무증상 또는 경증으로 암암리에 지역사회 감염이 계속 누적될 수가 있고 또 그런 감염이 누적되다 어느 순간에 굉장히 폭발적인 집단발병과 만나게 되면 대규모 유행이 생길 수 있다""며 ""8월에 유행이 커진 데는 기본적으로 5월부터 무증상·경증 환자들이 누적돼 왔던 지역감염이 있었을 것""이라고 말했다. 그는 또 8월 초 이어진 역대 최장 장마와 휴가철 이동량 급증이 영향을 미친 것으로 봤다. 긴 장마를 거치면서 실내생활하는 시간이 늘었고 비 탓에 환기가 제대로 이뤄지지 않은 점, 방학과 여름 휴가를 통해 인구이동이 많았던 점도 영향을 미쳤다는 것이다. 정 본부장은 특히 ""사랑제일교회와 8·15 서울 도심 집회라는 증폭되는 위험요인이 가중되면서 굉장히 폭발적인 유행으로 진행이 됐다고 판단한다""며 ""사랑제일교회 교인이나 방문자, 8·15 집회에 노출됐던 분들은 감염 경로가 될 수 있기 때문에 늦더라도 검사를 꼭 받아달라""고 당부했다.  정 본부장은 ""이번 주에 강화된 사회적 거리 두기를 통해 이런 연결고리가 좀 더 차단돼서 안정적으로 100명 이하로, 통제 가능한 수준으로 유행 규모를 줄이는 것이 최대 목표""라며 ""강화된 사회적 거리두기의 효과가 나타나기까지는 앞으로 1∼2주 정도의 시간이 더 소요될 것으로 보인다""고 말했다. 또 ""현재 방역의 목표는 인명피해를 줄이고, 또 경제적인 피해도 최소화하면서 다시 환자 발생상황을 안정적으로 돌려세우는 일""이라며 ""방역망이나 의료대응 체계가 감당 가능한, 적어도 100명대 이하의 유행 규모로 축소하는 것이 급선무""라고 거듭 강조했다. 정 본부장은 ""현재까지 9개월 동안 해왔던 K-방역의 핵심은 국민들의 자발적인 참여와 연대라는 것을 다시 한번 깨닫고 있으며 깊이 감사드린다""며 ""8월부터 시작된 2차 유행의 위기를 극복하기 위해 다시 한번 힘을 모아 달라""고 당부했다. 그는 특히 ""이번 한 주는 2차 유행의 확산세를 안정시킬 수 있을 것인지 아니면 다시 또 더 확산할 것인지를 가르는 기로에 있는 한 주""라며 ""국민 여러분들의 방역 참여를 간곡히 요청한다""고 덧붙였다. kihun@yna.co.kr",https://v.daum.net/v/20200902153544451
